session_id,y_score,z_forward,head_tilt,ear_z_offset,baseline_y_score,baseline_z_forward,baseline_head_tilt,baseline_ear_z_offset,label
20260804215610,0.7646228271808795,-0.9760937015528472,0.0025707947562495,-0.2294552062562245,0.6928251663743494,-1.240276856022733,0.0226333272634692,-0.3492890162257414,0
20260804215610,0.7423730337058848,-0.9581776384341628,0.0071408339628691,-0.2215727239206775,0.6928251663743494,-1.240276856022733,0.0226333272634692,-0.3492890162257414,0
20260804215610,0.7420752121607418,-0.9692678683137292,0.0064258185111813,-0.2281446740411205,0.6928251663743494,-1.240276856022733,0.0226333272634692,-0.3492890162257414,0
20260804215610,0.7214831666442826,-0.9685833051519066,0.0098853463854958,-0.2243587523212146,0.6928251663743494,-1.240276856022733,0.0226333272634692,-0.3492890162257414,0
20260804215610,0.716797941434883,-0.955827936890898,0.009491552385813,-0.2194368036269395,0.6928251663743494,-1.240276856022733,0.0226333272634692,-0.3492890162257414,0
20260804215610,0.7038414090613678,-0.9249354002226392,0.0067711245476656,-0.2140155021839032,0.6928251663743494,-1.240276856022733,0.0226333272634692,-0.3492890162257414,0
20260804215610,0.7102021274735968,-0.9262363778916566,0.0074502269047593,-0.2077105162140201,0.6928251663743494,-1.240276856022733,0.0226333272634692,-0.3492890162257414,0
20260804215610,0.7106440374653109,-0.9422627208048826,0.0067745857797484,-0.2208114715551411,0.6928251663743494,-1.240276856022733,0.0226333272634692,-0.3492890162257414,0
20260804215610,0.7121016644537017,-0.9541785634750533,0.0046436108032834,-0.2249868358466978,0.6928251663743494,-1.240276856022733,0.0226333272634692,-0.3492890162257414,0
20260804215610,0.7231103028895047,-0.934130611290678,0.003965966693565,-0.2217873484474489,0.6928251663743494,-1.240276856022733,0.0226333272634692,-0.3492890162257414,0
20260804215610,0.7269380813599249,-0.9371463734601092,0.0051886903404113,-0.2178741772269326,0.6928251663743494,-1.240276856022733,0.0226333272634692,-0.3492890162257414,0
20260804215610,0.7238670768164037,-0.933108245724154,0.0038053804273277,-0.2224416486288916,0.6928251663743494,-1.240276856022733,0.0226333272634692,-0.3492890162257414,0
20260804215610,0.7168655831339839,-0.9470106121649664,0.0045456904278387,-0.2213450663477759,0.6928251663743494,-1.240276856022733,0.0226333272634692,-0.3492890162257414,0
20260804215610,0.7171976338844174,-0.9536377449201408,0.0047209647909578,-0.2287840455751388,0.6928251663743494,-1.240276856022733,0.0226333272634692,-0.3492890162257414,0
20260804215610,0.7097256019886519,-0.9563238831988438,0.0029288387863318,-0.2345190162458956,0.6928251663743494,-1.240276856022733,0.0226333272634692,-0.3492890162257414,0
20260804215610,0.7313903093394704,-0.9625390635398487,0.0025687675465397,-0.2287273749556895,0.6928251663743494,-1.240276856022733,0.0226333272634692,-0.3492890162257414,0
20260804215610,0.8341005521104747,-0.9481514912994228,0.0127001564845271,-0.1876192560503906,0.6928251663743494,-1.240276856022733,0.0226333272634692,-0.3492890162257414,0
20260804215610,0.7412973194512278,-0.9050431186800068,0.0103337722498483,-0.1943171078447791,0.6928251663743494,-1.240276856022733,0.0226333272634692,-0.3492890162257414,0
20260804215610,0.7254054690713038,-0.9259466144177568,0.0108774797112839,-0.1935381470448354,0.6928251663743494,-1.240276856022733,0.0226333272634692,-0.3492890162257414,0
20260804215610,0.7739456220726438,-0.9185592345649648,0.0034492982552215,-0.1835802487833971,0.6928251663743494,-1.240276856022733,0.0226333272634692,-0.3492890162257414,0
20260804215610,0.7636004966759262,-0.9197637578404624,0.006523211151264,-0.193239867995119,0.6928251663743494,-1.240276856022733,0.0226333272634692,-0.3492890162257414,0
20260804215610,0.7469981950664469,-0.9737367341245372,0.0032683045784751,-0.2134973081186163,0.6928251663743494,-1.240276856022733,0.0226333272634692,-0.3492890162257414,0
20260804215610,0.7489960317130004,-0.9861261516160984,0.0074851685540418,-0.2151417835185301,0.6928251663743494,-1.240276856022733,0.0226333272634692,-0.3492890162257414,0
20260804215610,0.7612893735356827,-0.982953274305679,0.0110736942407545,-0.2180276199663152,0.6928251663743494,-1.240276856022733,0.0226333272634692,-0.3492890162257414,0
20260804215610,0.7737468512739436,-0.98666588255768,0.0063782718729536,-0.2224798393043601,0.6928251663743494,-1.240276856022733,0.0226333272634692,-0.3492890162257414,0
20260804215610,0.7684393577660187,-0.9924941613067982,0.0087777124497419,-0.2233026774101591,0.6928251663743494,-1.240276856022733,0.0226333272634692,-0.3492890162257414,0
20260804215610,0.759018833781516,-1.0378722222982075,0.0086580923236477,-0.2313883461702681,0.6928251663743494,-1.240276856022733,0.0226333272634692,-0.3492890162257414,0
20260804215610,0.7621682845278401,-0.985338146257876,0.003891090147225,-0.2323349049444557,0.6928251663743494,-1.240276856022733,0.0226333272634692,-0.3492890162257414,0
20260804215610,0.7643446811961173,-0.9616964973576864,0.001424591593605,-0.2227585029662191,0.6928251663743494,-1.240276856022733,0.0226333272634692,-0.3492890162257414,0
20260804215610,0.7717151685532732,-0.9297133017707014,0.0053002099852487,-0.2103851174668672,0.6928251663743494,-1.240276856022733,0.0226333272634692,-0.3492890162257414,0
20260804215610,0.7648005979293927,-0.9430253514263924,0.0061662212755469,-0.2179179426144945,0.6928251663743494,-1.240276856022733,0.0226333272634692,-0.3492890162257414,0
20260804215610,0.7638052067286275,-0.9293428169302376,0.0069314339882397,-0.2049115709191576,0.6928251663743494,-1.240276856022733,0.0226333272634692,-0.3492890162257414,0
20260804215610,0.7680251298914166,-0.9301580598419706,0.0093965649052519,-0.2040911631595637,0.6928251663743494,-1.240276856022733,0.0226333272634692,-0.3492890162257414,0
20260804215610,0.7685649967328333,-0.9249717262281256,0.0117270769137854,-0.1990459628437045,0.6928251663743494,-1.240276856022733,0.0226333272634692,-0.3492890162257414,0
20260804215610,0.775617352429186,-0.9000539877617355,0.0118323548700588,-0.2076433073534847,0.6928251663743494,-1.240276856022733,0.0226333272634692,-0.3492890162257414,0
20260804215610,0.7628786739926042,-0.9216547624239948,0.0090392688350019,-0.2078815783754216,0.6928251663743494,-1.240276856022733,0.0226333272634692,-0.3492890162257414,0
20260804215610,0.7603511877977596,-0.918219827830635,0.0109811915757937,-0.2089322892309822,0.6928251663743494,-1.240276856022733,0.0226333272634692,-0.3492890162257414,0
20260804215610,0.7585732407987597,-0.9198777031433544,0.0115907420083014,-0.2134089256293529,0.6928251663743494,-1.240276856022733,0.0226333272634692,-0.3492890162257414,0
20260804215610,0.7324792728188129,-0.8653797757479241,0.016867747081254,-0.2245815420187641,0.6928251663743494,-1.240276856022733,0.0226333272634692,-0.3492890162257414,0
20260804215610,0.7345334091720798,-0.8700232766500167,0.0094737217040376,-0.1975237355850164,0.6928251663743494,-1.240276856022733,0.0226333272634692,-0.3492890162257414,0
20260804215610,0.7523062738143613,-0.7814447340902179,0.0146391520135648,-0.1899779583138221,0.6928251663743494,-1.240276856022733,0.0226333272634692,-0.3492890162257414,0
20260804215610,0.7545043325719442,-0.8176321992595872,0.0202243483292992,-0.2069294967522398,0.6928251663743494,-1.240276856022733,0.0226333272634692,-0.3492890162257414,0
20260804215610,0.745581245137655,-0.8366463497869724,0.0193942595566466,-0.1878997481106448,0.6928251663743494,-1.240276856022733,0.0226333272634692,-0.3492890162257414,0
20260804215610,0.7529025340472187,-0.9153307416473516,0.019611364651899,-0.2009966419629934,0.6928251663743494,-1.240276856022733,0.0226333272634692,-0.3492890162257414,0
20260804215610,0.7450255250158888,-0.9548161433150312,0.0198326731547164,-0.2180239695735721,0.6928251663743494,-1.240276856022733,0.0226333272634692,-0.3492890162257414,0
20260804215610,0.7459010249022622,-0.8778886940735666,0.0240220712817458,-0.2044439853139877,0.6928251663743494,-1.240276856022733,0.0226333272634692,-0.3492890162257414,0
20260804215610,0.7426374463090943,-0.977950335425674,0.0142392341092156,-0.2251257869445514,0.6928251663743494,-1.240276856022733,0.0226333272634692,-0.3492890162257414,0
20260804215610,0.7418110227031995,-0.9758485835484686,0.010801643525417,-0.2162874272459938,0.6928251663743494,-1.240276856022733,0.0226333272634692,-0.3492890162257414,0
20260804215610,0.7410688730863525,-0.9826431026828262,0.0092196566503602,-0.2242982968753641,0.6928251663743494,-1.240276856022733,0.0226333272634692,-0.3492890162257414,0
20260804215610,0.7351878205300325,-0.9553328254079066,0.0107668256823802,-0.212329199819802,0.6928251663743494,-1.240276856022733,0.0226333272634692,-0.3492890162257414,0
20260804215610,0.7253007313595772,-0.9345845723992292,0.0100151819749094,-0.2110607137317831,0.6928251663743494,-1.240276856022733,0.0226333272634692,-0.3492890162257414,0
20260804215610,0.7247910302720575,-0.9385496136885558,0.0063162211494906,-0.2131408767332493,0.6928251663743494,-1.240276856022733,0.0226333272634692,-0.3492890162257414,0
20260804215610,0.7378126219473671,-0.9442091492580026,0.0023219150335784,-0.2127402990288808,0.6928251663743494,-1.240276856022733,0.0226333272634692,-0.3492890162257414,0
20260804215610,0.7314028773087148,-0.9519863389852762,-0.0005398491830613,-0.2205011061499387,0.6928251663743494,-1.240276856022733,0.0226333272634692,-0.3492890162257414,0
20260804215610,0.73835728544554,-0.9689086795515064,0.0025437207555934,-0.2149525639155358,0.6928251663743494,-1.240276856022733,0.0226333272634692,-0.3492890162257414,0
20260804215610,0.7385890376923959,-0.9470236096140622,0.0046738342511482,-0.213264627227963,0.6928251663743494,-1.240276856022733,0.0226333272634692,-0.3492890162257414,0
20260804215610,0.7391611201901649,-0.97999710295647,0.003282424602585,-0.2183766156588917,0.6928251663743494,-1.240276856022733,0.0226333272634692,-0.3492890162257414,0
20260804215610,0.732196359274918,-0.9569825208807512,0.0051047855249545,-0.2251559090660177,0.6928251663743494,-1.240276856022733,0.0226333272634692,-0.3492890162257414,0
20260804215610,0.7556152769395209,-0.956376301551072,0.0130046327033752,-0.2116015608696849,0.6928251663743494,-1.240276856022733,0.0226333272634692,-0.3492890162257414,0
20260804215610,0.7744021813354643,-0.9432846652941674,0.0171583826105199,-0.2017083633797909,0.6928251663743494,-1.240276856022733,0.0226333272634692,-0.3492890162257414,0
20260804215610,0.7551124213022957,-0.9977815612202532,0.0175419091480182,-0.2319061794826566,0.6928251663743494,-1.240276856022733,0.0226333272634692,-0.3492890162257414,0
20260804215610,0.7638499856732522,-0.953061809178251,0.0144644109517586,-0.2079533460309417,0.6928251663743494,-1.240276856022733,0.0226333272634692,-0.3492890162257414,0
20260804215610,0.7842674202970927,-0.981424118851467,0.0118642535984768,-0.2088629049892994,0.6928251663743494,-1.240276856022733,0.0226333272634692,-0.3492890162257414,0
20260804215610,0.7813398046329274,-0.9451450424891934,0.0118256197308701,-0.200937807814892,0.6928251663743494,-1.240276856022733,0.0226333272634692,-0.3492890162257414,0
20260804215610,0.787208006745227,-0.9191752405268312,0.008521281893274,-0.1943527784889935,0.6928251663743494,-1.240276856022733,0.0226333272634692,-0.3492890162257414,0
20260804215610,0.7981398619941199,-0.889313770813905,0.0099563808688421,-0.1896903688820268,0.6928251663743494,-1.240276856022733,0.0226333272634692,-0.3492890162257414,0
20260804215610,0.7904828005975073,-0.9114347792086483,0.0098926245880853,-0.1946732390566655,0.6928251663743494,-1.240276856022733,0.0226333272634692,-0.3492890162257414,0
20260804215610,0.7687276318621542,-0.9786256397055844,0.0074605520224087,-0.2202445871761105,0.6928251663743494,-1.240276856022733,0.0226333272634692,-0.3492890162257414,0
20260804215610,0.7751852645244611,-0.9346352507211828,0.0085963311194665,-0.1983572669162769,0.6928251663743494,-1.240276856022733,0.0226333272634692,-0.3492890162257414,0
20260804215610,0.7807593510004619,-0.9221644890314056,0.003465307338215,-0.2105439744477157,0.6928251663743494,-1.240276856022733,0.0226333272634692,-0.3492890162257414,0
20260804215610,0.764703360893022,-1.000953891569185,0.0033692942277742,-0.2434199516314581,0.6928251663743494,-1.240276856022733,0.0226333272634692,-0.3492890162257414,0
20260804215610,0.7886009093929166,-0.9519015946668866,0.0079373745191717,-0.2051773706844455,0.6928251663743494,-1.240276856022733,0.0226333272634692,-0.3492890162257414,0
20260804215610,0.7677908690604701,-0.972568250850668,-0.001205601180573,-0.236542330874355,0.6928251663743494,-1.240276856022733,0.0226333272634692,-0.3492890162257414,0
20260804215610,0.7694754241413186,-1.0302020990753156,0.0006557948462213,-0.2238227924112259,0.6928251663743494,-1.240276856022733,0.0226333272634692,-0.3492890162257414,0
20260804215610,0.7670417102106246,-0.9828561782655706,0.0082357270069052,-0.2152735804669722,0.6928251663743494,-1.240276856022733,0.0226333272634692,-0.3492890162257414,0
20260804215610,0.7498528445828491,-0.993319216711808,-0.0017937780770126,-0.2170810636119009,0.6928251663743494,-1.240276856022733,0.0226333272634692,-0.3492890162257414,0
20260804215610,0.7835174088805734,-1.0422001298901735,0.0224051652811843,-0.2215239583160075,0.6928251663743494,-1.240276856022733,0.0226333272634692,-0.3492890162257414,0
20260804215610,0.7680907625518186,-1.022882127313095,0.0167439687258654,-0.2266004708500146,0.6928251663743494,-1.240276856022733,0.0226333272634692,-0.3492890162257414,0
20260804215610,0.7760738525133756,-1.0265678459882983,0.0129662599024919,-0.2255907561506951,0.6928251663743494,-1.240276856022733,0.0226333272634692,-0.3492890162257414,0
20260804215610,0.7830398616335693,-0.9346754742268696,0.0112793524370144,-0.205426244344446,0.6928251663743494,-1.240276856022733,0.0226333272634692,-0.3492890162257414,0
20260804215610,0.783853630922223,-0.956501692013982,0.0076474604774914,-0.2151018149541497,0.6928251663743494,-1.240276856022733,0.0226333272634692,-0.3492890162257414,0
20260804215610,0.7780912230780743,-1.0701464925937372,0.0107943875280127,-0.2339451930720684,0.6928251663743494,-1.240276856022733,0.0226333272634692,-0.3492890162257414,0
20260804215610,0.7800254395508001,-1.0363752575569682,0.014739105207391,-0.2137857997832185,0.6928251663743494,-1.240276856022733,0.0226333272634692,-0.3492890162257414,0
20260804215610,0.7632500765602235,-1.0330830236153454,0.0116089779545048,-0.2329407925033953,0.6928251663743494,-1.240276856022733,0.0226333272634692,-0.3492890162257414,0
20260804215610,0.7617201794607655,-1.0338763766854826,0.0097581445158467,-0.2257471161112752,0.6928251663743494,-1.240276856022733,0.0226333272634692,-0.3492890162257414,0
20260804215610,0.7615983136752619,-1.028672177728857,0.0101496404501503,-0.2161148712105811,0.6928251663743494,-1.240276856022733,0.0226333272634692,-0.3492890162257414,0
20260804215610,0.7691530606927672,-1.0304932215767817,0.0187996151725307,-0.2296954512117632,0.6928251663743494,-1.240276856022733,0.0226333272634692,-0.3492890162257414,0
20260804215610,0.732788114589886,-1.0176367076044293,0.023193429808186,-0.2439399000020242,0.6928251663743494,-1.240276856022733,0.0226333272634692,-0.3492890162257414,0
20260804215610,0.7218503447029874,-0.9769084233005404,0.0178195356463333,-0.2342929809786474,0.6928251663743494,-1.240276856022733,0.0226333272634692,-0.3492890162257414,0
20260804215610,0.7190281536433198,-0.98630626886027,0.0166114234712113,-0.2364939580207103,0.6928251663743494,-1.240276856022733,0.0226333272634692,-0.3492890162257414,0
20260804215610,0.7174703168477841,-1.0020841850017552,0.0125038489871804,-0.2373716154037747,0.6928251663743494,-1.240276856022733,0.0226333272634692,-0.3492890162257414,0
20260804215610,0.7136279619414688,-1.0000952357726585,0.0088204800142867,-0.2360038198279082,0.6928251663743494,-1.240276856022733,0.0226333272634692,-0.3492890162257414,0
20260804215610,0.7012379412593924,-0.9668133594557232,0.0074802551468137,-0.2337927616188323,0.6928251663743494,-1.240276856022733,0.0226333272634692,-0.3492890162257414,0
20260804215610,0.703471394473699,-0.950653499098812,0.0057052859967564,-0.2221255989511431,0.6928251663743494,-1.240276856022733,0.0226333272634692,-0.3492890162257414,0
20260804215610,0.7261352429939566,-1.0778834934197217,0.0013651239631189,-0.2484568527579097,0.6928251663743494,-1.240276856022733,0.0226333272634692,-0.3492890162257414,0
20260804215610,0.7415403388420249,-1.021767315097008,0.0016750934045852,-0.2291438785846596,0.6928251663743494,-1.240276856022733,0.0226333272634692,-0.3492890162257414,0
20260804215610,0.713631388172153,-1.0355008872998668,0.0004986033178678,-0.252985595245437,0.6928251663743494,-1.240276856022733,0.0226333272634692,-0.3492890162257414,0
20260804215610,0.81570578134401,-1.0308222956701425,-0.0050645383115891,-0.2362368138495006,0.6928251663743494,-1.240276856022733,0.0226333272634692,-0.3492890162257414,0
20260804215610,0.7589999082378164,-1.397776393117134,0.0027656908371718,-0.3874365050731051,0.6928251663743494,-1.240276856022733,0.0226333272634692,-0.3492890162257414,0
20260804215610,0.755606821830036,-1.0232095582694858,0.0097770466877146,-0.2336823359527117,0.6928251663743494,-1.240276856022733,0.0226333272634692,-0.3492890162257414,0
20260804215610,0.7643313662345882,-0.9988439286653996,0.012395209437279,-0.2285971437810131,0.6928251663743494,-1.240276856022733,0.0226333272634692,-0.3492890162257414,0
20260804215610,0.7799293077909637,-0.965511071823444,0.0162210160098832,-0.2027919049374275,0.6928251663743494,-1.240276856022733,0.0226333272634692,-0.3492890162257414,0
20260804215610,0.7631896120360039,-0.966788828929216,0.0084181714849564,-0.2198893693991459,0.6928251663743494,-1.240276856022733,0.0226333272634692,-0.3492890162257414,0
20260804215610,0.7665121890176927,-1.000949904198166,0.0017988120455347,-0.2250220492214525,0.6928251663743494,-1.240276856022733,0.0226333272634692,-0.3492890162257414,0
20260804215610,0.7726631026918663,-0.9761817409242124,-0.001712741694147,-0.2318429768874297,0.6928251663743494,-1.240276856022733,0.0226333272634692,-0.3492890162257414,0
20260804215610,0.7729962955486963,-0.929293934598512,0.0108987155459809,-0.2189432903601657,0.6928251663743494,-1.240276856022733,0.0226333272634692,-0.3492890162257414,0
20260804215610,0.7381596042141045,-0.9340381585976376,0.018937155831709,-0.2095630343393586,0.6928251663743494,-1.240276856022733,0.0226333272634692,-0.3492890162257414,0
20260804215610,0.8410154949288124,-0.978351788363008,-0.0033846208775983,-0.1875050160786179,0.6928251663743494,-1.240276856022733,0.0226333272634692,-0.3492890162257414,0
20260804215610,0.9607482315362492,-0.6384614463516921,-0.0113258629529909,-0.0799275340128442,0.6928251663743494,-1.240276856022733,0.0226333272634692,-0.3492890162257414,0
20260804215610,0.9473891836503816,-1.0189096076511566,-0.0094509785728877,-0.180142706341862,0.6928251663743494,-1.240276856022733,0.0226333272634692,-0.3492890162257414,0
20260804215610,0.8287233804613554,-1.0940679799303905,-0.0236523483940689,-0.2394883839124547,0.6928251663743494,-1.240276856022733,0.0226333272634692,-0.3492890162257414,0
20260804215610,0.827581786972927,-1.3519234500401178,-0.0266440085982735,-0.3688432032403605,0.6928251663743494,-1.240276856022733,0.0226333272634692,-0.3492890162257414,0
20260804215610,0.8048819528461402,-1.324355487809337,-0.0261532723888206,-0.3615622996627224,0.6928251663743494,-1.240276856022733,0.0226333272634692,-0.3492890162257414,0
20260804215610,0.7949051897507385,-1.5243262650695673,-0.0197915849264192,-0.4392790369325607,0.6928251663743494,-1.240276856022733,0.0226333272634692,-0.3492890162257414,0
20260804215610,0.7837208391755347,-1.581009648863255,-0.018674888785468,-0.4510584400211401,0.6928251663743494,-1.240276856022733,0.0226333272634692,-0.3492890162257414,0
20260804215610,0.7821263758573351,-1.5509418398525432,-0.022197522637574,-0.4425801885858754,0.6928251663743494,-1.240276856022733,0.0226333272634692,-0.3492890162257414,0
20260804215610,0.7423033451514457,-1.4471957432981633,-0.0274861867435389,-0.4128224225931008,0.6928251663743494,-1.240276856022733,0.0226333272634692,-0.3492890162257414,0
20260804215610,0.7240532632515395,-1.5218820675217408,-0.0145315796561475,-0.465770750101001,0.6928251663743494,-1.240276856022733,0.0226333272634692,-0.3492890162257414,0
20260804215610,0.7444775962463088,-1.47651281477659,-0.0057752179351522,-0.4441914910740675,0.6928251663743494,-1.240276856022733,0.0226333272634692,-0.3492890162257414,0
20260804215610,0.7403228605204348,-1.5372908111465018,-0.0050329313830066,-0.4557711457341208,0.6928251663743494,-1.240276856022733,0.0226333272634692,-0.3492890162257414,0
20260804215610,0.7261257717009484,-1.468212839308995,-0.0049123244984526,-0.4510188421927109,0.6928251663743494,-1.240276856022733,0.0226333272634692,-0.3492890162257414,0
20260804215610,0.7439003277864061,-1.5017092727203851,-0.0086642965890709,-0.4348829979036822,0.6928251663743494,-1.240276856022733,0.0226333272634692,-0.3492890162257414,0
20260804215610,0.7283036559275778,-1.451122782500449,-0.0111139903046701,-0.424459220975823,0.6928251663743494,-1.240276856022733,0.0226333272634692,-0.3492890162257414,0
20260804215610,0.7253807399847391,-1.082494927077491,-0.0080329096068996,-0.2685865742668634,0.6928251663743494,-1.240276856022733,0.0226333272634692,-0.3492890162257414,0
20260804215610,0.7202996070730772,-1.3002080552335182,-0.0035270704581117,-0.3821081841679396,0.6928251663743494,-1.240276856022733,0.0226333272634692,-0.3492890162257414,0
20260804215610,0.7035434105039987,-0.9940048548337898,-0.0039082821169311,-0.246319889154268,0.6928251663743494,-1.240276856022733,0.0226333272634692,-0.3492890162257414,0
20260804215610,0.719594341204034,-1.013175471014069,-0.0015047500984324,-0.250641955239532,0.6928251663743494,-1.240276856022733,0.0226333272634692,-0.3492890162257414,0
20260804215610,0.7108408105503801,-1.0481563322441414,-0.005068077222425,-0.252646579646332,0.6928251663743494,-1.240276856022733,0.0226333272634692,-0.3492890162257414,0
20260804215610,0.720043056912809,-0.95649622848202,-0.0072690540477322,-0.2302762737301784,0.6928251663743494,-1.240276856022733,0.0226333272634692,-0.3492890162257414,0
20260804215610,0.7150455177165372,-0.93222209112988,-0.0055567849141455,-0.2295416231387956,0.6928251663743494,-1.240276856022733,0.0226333272634692,-0.3492890162257414,0
20260804215852,0.7834052092024552,-1.3140886793860225,-0.0318033667892829,-0.3535145375814563,0.7602483963804458,-1.5244804020513794,-0.0051195372417286,-0.4782154882533063,0
20260804215852,0.7802395063840133,-1.4554505969983451,-0.0267385750549014,-0.4334020142380023,0.7602483963804458,-1.5244804020513794,-0.0051195372417286,-0.4782154882533063,0
20260804215852,0.7654722660797346,-1.571538637810242,-0.0168707793089212,-0.484637824761132,0.7602483963804458,-1.5244804020513794,-0.0051195372417286,-0.4782154882533063,0
20260804215852,0.7480180539818359,-1.4814766912502977,-0.020377464243519,-0.4474860246965353,0.7602483963804458,-1.5244804020513794,-0.0051195372417286,-0.4782154882533063,0
20260804215852,0.7526836079589673,-1.463395726399745,-0.0117457153261575,-0.432098330797146,0.7602483963804458,-1.5244804020513794,-0.0051195372417286,-0.4782154882533063,0
20260804215852,0.757274838659917,-1.5008853844245171,-0.0141641313744633,-0.4703916543585322,0.7602483963804458,-1.5244804020513794,-0.0051195372417286,-0.4782154882533063,0
20260804215852,0.7322130140469526,-1.5719891551514364,-0.0089174881123237,-0.4919012367197801,0.7602483963804458,-1.5244804020513794,-0.0051195372417286,-0.4782154882533063,0
20260804215852,0.7802205883126765,-1.4961864310904234,-0.0111246578384334,-0.4464981519855105,0.7602483963804458,-1.5244804020513794,-0.0051195372417286,-0.4782154882533063,0
20260804215852,0.7795590776690564,-1.451120230694307,-0.0177122137558087,-0.4282931164034713,0.7602483963804458,-1.5244804020513794,-0.0051195372417286,-0.4782154882533063,0
20260804215852,0.7654417074935417,-1.5495697636582368,-0.0206519959857285,-0.4962050054992115,0.7602483963804458,-1.5244804020513794,-0.0051195372417286,-0.4782154882533063,0
20260804215852,0.7511264801777636,-1.6826387123265016,-0.0188008974837608,-0.5957468287900164,0.7602483963804458,-1.5244804020513794,-0.0051195372417286,-0.4782154882533063,0
20260804215852,0.7527831394160224,-1.654722756620187,-0.0204061385458443,-0.5528236692758032,0.7602483963804458,-1.5244804020513794,-0.0051195372417286,-0.4782154882533063,0
20260804215852,0.757411100177736,-1.6389658127262254,-0.0229751831711945,-0.5193964464821699,0.7602483963804458,-1.5244804020513794,-0.0051195372417286,-0.4782154882533063,0
20260804215852,0.7302926538140594,-1.68511866022506,-0.0136892014874385,-0.5491210528732031,0.7602483963804458,-1.5244804020513794,-0.0051195372417286,-0.4782154882533063,0
20260804215852,0.7810679998565184,-1.731542622368248,-0.0246471139203613,-0.5691402560383931,0.7602483963804458,-1.5244804020513794,-0.0051195372417286,-0.4782154882533063,0
20260804215852,0.7994862234110082,-1.6968701366605232,-0.0152187640906882,-0.5575962694971348,0.7602483963804458,-1.5244804020513794,-0.0051195372417286,-0.4782154882533063,0
20260804215852,0.7714919689944619,-1.6713314108778805,-0.0160752274181596,-0.5394919283916795,0.7602483963804458,-1.5244804020513794,-0.0051195372417286,-0.4782154882533063,0
20260804215852,0.7702714684543697,-1.7061715167491276,-0.0091636399902454,-0.5622078491618776,0.7602483963804458,-1.5244804020513794,-0.0051195372417286,-0.4782154882533063,0
20260804215852,0.766260202301105,-1.751834006828055,-0.0102304041719566,-0.5767943791134456,0.7602483963804458,-1.5244804020513794,-0.0051195372417286,-0.4782154882533063,0
20260804215852,0.7663800751522716,-1.4007278171927775,-0.0191862121355996,-0.4250393396367188,0.7602483963804458,-1.5244804020513794,-0.0051195372417286,-0.4782154882533063,0
20260804215852,0.7539330725413719,-0.8089433625208536,-0.0129734124433375,-0.2654693823213996,0.7602483963804458,-1.5244804020513794,-0.0051195372417286,-0.4782154882533063,0
20260804215852,0.7714349633327175,-0.7490965143177962,-0.0165700244844671,-0.2623627455545816,0.7602483963804458,-1.5244804020513794,-0.0051195372417286,-0.4782154882533063,0
20260804215852,0.7580905466697261,-0.6810241071674519,-0.0144553375032807,-0.2587943528828106,0.7602483963804458,-1.5244804020513794,-0.0051195372417286,-0.4782154882533063,0
20260804215852,0.812872009557413,-1.29870236357078,-0.017141979937843,-0.3663282940348435,0.7602483963804458,-1.5244804020513794,-0.0051195372417286,-0.4782154882533063,0
20260804215852,0.8135969423176573,-1.507781869221909,-0.0101289395906116,-0.4531684040397014,0.7602483963804458,-1.5244804020513794,-0.0051195372417286,-0.4782154882533063,0
20260804215852,0.7346631139868582,-0.7899522850331938,0.0071480847965017,-0.2851191342959208,0.7602483963804458,-1.5244804020513794,-0.0051195372417286,-0.4782154882533063,0
20260804215852,0.7151941544261041,-0.980518363819515,-0.0051595690642879,-0.3733590707405458,0.7602483963804458,-1.5244804020513794,-0.0051195372417286,-0.4782154882533063,0
20260804215852,0.8607021381566432,-1.1143787409259085,-0.0452298741964712,-0.4127680846368594,0.7602483963804458,-1.5244804020513794,-0.0051195372417286,-0.4782154882533063,0
20260804215852,0.7142296740555035,-1.0901425225156405,-0.0058997518415018,-0.4112534080288171,0.7602483963804458,-1.5244804020513794,-0.0051195372417286,-0.4782154882533063,0
20260804215852,0.7907210919720657,-1.558296910024478,-0.0099168495746287,-0.4616740209732051,0.7602483963804458,-1.5244804020513794,-0.0051195372417286,-0.4782154882533063,0
20260804215852,0.7508986458600562,-1.5761059929223076,-0.0175950076628664,-0.4935211805371606,0.7602483963804458,-1.5244804020513794,-0.0051195372417286,-0.4782154882533063,0
20260804215852,0.7446805732610988,-1.656873837050126,-0.026950583411345,-0.5339516079564982,0.7602483963804458,-1.5244804020513794,-0.0051195372417286,-0.4782154882533063,0
20260804215852,0.7405572644974631,-1.6476010528649403,-0.0245521784020541,-0.5354825954449295,0.7602483963804458,-1.5244804020513794,-0.0051195372417286,-0.4782154882533063,0
20260804215852,0.742674247044775,-1.5096763756452405,-0.021233803906401,-0.4782556497843676,0.7602483963804458,-1.5244804020513794,-0.0051195372417286,-0.4782154882533063,0
20260804215852,0.7484894836081811,-1.367817645294574,-0.0180671169868832,-0.4166819711261565,0.7602483963804458,-1.5244804020513794,-0.0051195372417286,-0.4782154882533063,0
20260804215852,0.746528879123813,-0.5373324745657834,-0.0019985081322966,-0.2833880132284668,0.7602483963804458,-1.5244804020513794,-0.0051195372417286,-0.4782154882533063,0
20260804215852,0.725178065641951,-0.5629626401287038,-0.0068966549601181,-0.2932800534250643,0.7602483963804458,-1.5244804020513794,-0.0051195372417286,-0.4782154882533063,0
20260804215852,0.7875553099695495,-0.9166451233216306,-0.0187618327301545,-0.26055590816746,0.7602483963804458,-1.5244804020513794,-0.0051195372417286,-0.4782154882533063,0
20260804215852,0.7371131397761236,-1.577524661857673,-0.0234419838533451,-0.5057511231554424,0.7602483963804458,-1.5244804020513794,-0.0051195372417286,-0.4782154882533063,0
20260804215852,0.7426796244657053,-1.5451699804755905,-0.0139121254270607,-0.4982559059707348,0.7602483963804458,-1.5244804020513794,-0.0051195372417286,-0.4782154882533063,0
20260804215852,0.7441692363607607,-1.641736379718546,-0.0134984771414132,-0.5286690045330975,0.7602483963804458,-1.5244804020513794,-0.0051195372417286,-0.4782154882533063,0
20260804215852,0.7443048609567756,-1.545016965049557,-0.011617355459015,-0.4984432167624412,0.7602483963804458,-1.5244804020513794,-0.0051195372417286,-0.4782154882533063,0
20260804215852,0.7463836904928528,-1.4340028590990197,-0.0102739141934598,-0.4425462820207043,0.7602483963804458,-1.5244804020513794,-0.0051195372417286,-0.4782154882533063,0
20260804215852,0.746826214759984,-1.2535329937209296,-0.0144700174234488,-0.343866168094188,0.7602483963804458,-1.5244804020513794,-0.0051195372417286,-0.4782154882533063,0
20260804215852,0.7613588586107782,-1.70421346941155,-0.0014550257087675,-0.5498487012364226,0.7602483963804458,-1.5244804020513794,-0.0051195372417286,-0.4782154882533063,0
20260804215852,0.7515693534358648,-1.765973681722799,-6.101348201571751e-05,-0.576027064795099,0.7602483963804458,-1.5244804020513794,-0.0051195372417286,-0.4782154882533063,0
20260804215852,0.7507001880473094,-1.727627239258266,-0.0001904937066937,-0.5672402801958446,0.7602483963804458,-1.5244804020513794,-0.0051195372417286,-0.4782154882533063,0
20260804215852,0.7497834003905695,-1.6436671511568897,-0.0003118736644377,-0.5230585204642986,0.7602483963804458,-1.5244804020513794,-0.0051195372417286,-0.4782154882533063,0
20260804215852,0.7514687588761744,-1.7116749707069143,0.0010266946070621,-0.5620498291669928,0.7602483963804458,-1.5244804020513794,-0.0051195372417286,-0.4782154882533063,0
20260804215852,0.7547165378139574,-1.687592553369583,0.0026913688298863,-0.5391408588433603,0.7602483963804458,-1.5244804020513794,-0.0051195372417286,-0.4782154882533063,0
20260804215852,0.7313340707097539,-1.559715378870682,-0.0117301637759478,-0.4899075684867381,0.7602483963804458,-1.5244804020513794,-0.0051195372417286,-0.4782154882533063,0
20260804215852,0.7255155362231668,-1.557134581160633,-0.0125633549125829,-0.4859236016079734,0.7602483963804458,-1.5244804020513794,-0.0051195372417286,-0.4782154882533063,0
20260804215852,0.7421625569180162,-1.4644220079513233,-0.0045409575646735,-0.4460275000335839,0.7602483963804458,-1.5244804020513794,-0.0051195372417286,-0.4782154882533063,0
20260804215852,0.7380392859492809,-1.379482131109777,-0.0101158391291313,-0.3994176484312381,0.7602483963804458,-1.5244804020513794,-0.0051195372417286,-0.4782154882533063,0
20260804215852,0.7336869193096368,-1.5175537797076228,-0.0118465743507372,-0.468603352264449,0.7602483963804458,-1.5244804020513794,-0.0051195372417286,-0.4782154882533063,0
20260804215852,0.7324045221235997,-1.5882866561310405,-0.0127097589820088,-0.501158813085756,0.7602483963804458,-1.5244804020513794,-0.0051195372417286,-0.4782154882533063,0
20260804215852,0.7306852947422875,-1.5516366041038292,-0.0128074316565924,-0.4944966633483203,0.7602483963804458,-1.5244804020513794,-0.0051195372417286,-0.4782154882533063,0
20260804215852,0.7380101220591725,-1.5964228115373225,-0.0121953211325454,-0.5230583323682093,0.7602483963804458,-1.5244804020513794,-0.0051195372417286,-0.4782154882533063,0
20260804215852,0.7418415964680553,-1.2531593153330691,-0.0117401027598188,-0.3724484933116113,0.7602483963804458,-1.5244804020513794,-0.0051195372417286,-0.4782154882533063,0
20260804215852,0.742981858568937,-1.2965178670830042,-0.0170792269481362,-0.3820430912001866,0.7602483963804458,-1.5244804020513794,-0.0051195372417286,-0.4782154882533063,0
20260804215852,0.7682480615629426,-1.4988634566637284,-0.0144669594345884,-0.4581192885785027,0.7602483963804458,-1.5244804020513794,-0.0051195372417286,-0.4782154882533063,0
20260804215852,0.7433792527856095,-1.510143937316472,-0.0158556206781049,-0.4579635012379704,0.7602483963804458,-1.5244804020513794,-0.0051195372417286,-0.4782154882533063,0
20260804215852,0.7426141017062508,-1.5930737459078994,-0.0219435517419051,-0.5023391378519606,0.7602483963804458,-1.5244804020513794,-0.0051195372417286,-0.4782154882533063,0
20260804215852,0.7639390027224991,-1.596473135827939,-0.0149931133316677,-0.5000814256716981,0.7602483963804458,-1.5244804020513794,-0.0051195372417286,-0.4782154882533063,0
20260804215852,0.77635748243367,-1.5018569794262306,-0.0127164093189142,-0.4542550509491362,0.7602483963804458,-1.5244804020513794,-0.0051195372417286,-0.4782154882533063,0
20260804215852,0.7579652406105011,-1.5799791717901996,-0.0179705697556522,-0.48844385875726,0.7602483963804458,-1.5244804020513794,-0.0051195372417286,-0.4782154882533063,0
20260804215852,0.7436799277666765,-1.5572441186737431,-0.0186977936952512,-0.4701375470354927,0.7602483963804458,-1.5244804020513794,-0.0051195372417286,-0.4782154882533063,0
20260804215852,0.739382622739027,-1.65112565485125,-0.0024694704045115,-0.5280367344589997,0.7602483963804458,-1.5244804020513794,-0.0051195372417286,-0.4782154882533063,0
20260804215852,0.7314905209480198,-1.5333068684439357,-0.0025243083056812,-0.4946427703908379,0.7602483963804458,-1.5244804020513794,-0.0051195372417286,-0.4782154882533063,0
20260804215852,0.7357984055969475,-1.537073789382169,-0.0041148428580662,-0.4864458612354547,0.7602483963804458,-1.5244804020513794,-0.0051195372417286,-0.4782154882533063,0
20260804215852,0.7348425789912972,-1.41467082194845,-0.0043554088499661,-0.4425084471844278,0.7602483963804458,-1.5244804020513794,-0.0051195372417286,-0.4782154882533063,0
20260804215852,0.7283704329475787,-1.4836515045106482,-0.0120869084333343,-0.4583959463539917,0.7602483963804458,-1.5244804020513794,-0.0051195372417286,-0.4782154882533063,0
20260804215852,0.7318861483872209,-1.5182769993643983,-0.0102797864166066,-0.4851351892252284,0.7602483963804458,-1.5244804020513794,-0.0051195372417286,-0.4782154882533063,0
20260804215852,0.7283429591829872,-1.4810101507045494,-0.0123116719617501,-0.4530940658041411,0.7602483963804458,-1.5244804020513794,-0.0051195372417286,-0.4782154882533063,0
20260804215852,0.7243704548152423,-1.5783079219674596,-0.0127101892025469,-0.5101377698234432,0.7602483963804458,-1.5244804020513794,-0.0051195372417286,-0.4782154882533063,0
20260804215852,0.7376067677791842,-1.5380730794867368,-0.0012042790181956,-0.4823792220848693,0.7602483963804458,-1.5244804020513794,-0.0051195372417286,-0.4782154882533063,0
20260804215852,0.7316488534713789,-1.4822814627709715,-0.0036506564472475,-0.4668525186825296,0.7602483963804458,-1.5244804020513794,-0.0051195372417286,-0.4782154882533063,0
20260804215852,0.7746601881581632,-1.435531520132768,-0.0032550017201793,-0.4155895282484572,0.7602483963804458,-1.5244804020513794,-0.0051195372417286,-0.4782154882533063,0
20260804215852,0.7982406457037348,-1.38720591433372,-0.0037829961174112,-0.3926180255727268,0.7602483963804458,-1.5244804020513794,-0.0051195372417286,-0.4782154882533063,0
20260804215852,0.7981526298817236,-1.4739516216462825,0.0012192064019309,-0.4283593875154538,0.7602483963804458,-1.5244804020513794,-0.0051195372417286,-0.4782154882533063,0
20260804215852,0.7668296865074403,-1.5012053024747916,-0.001618162412886,-0.4572290221757566,0.7602483963804458,-1.5244804020513794,-0.0051195372417286,-0.4782154882533063,0
20260804215852,0.7615310003720362,-1.461070913724302,-0.0074363415303675,-0.4412443680890432,0.7602483963804458,-1.5244804020513794,-0.0051195372417286,-0.4782154882533063,0
20260804215852,0.7603333669754612,-1.5228318174263662,-0.0097034684119617,-0.4710023484582123,0.7602483963804458,-1.5244804020513794,-0.0051195372417286,-0.4782154882533063,0
20260804215852,0.7494091309061919,-1.4838105633974463,-0.0132593626391623,-0.4649006983894675,0.7602483963804458,-1.5244804020513794,-0.0051195372417286,-0.4782154882533063,0
20260804215852,0.741947958547181,-1.5446646500655834,-0.0156684527970904,-0.4928281389894138,0.7602483963804458,-1.5244804020513794,-0.0051195372417286,-0.4782154882533063,0
20260804215852,0.743598059921646,-1.5712489503761724,-0.0161055477026041,-0.4974528371778324,0.7602483963804458,-1.5244804020513794,-0.0051195372417286,-0.4782154882533063,0
20260804215852,0.7399012999477454,-1.5722901599959316,-0.0136150643352456,-0.5081393582755922,0.7602483963804458,-1.5244804020513794,-0.0051195372417286,-0.4782154882533063,0
20260804215852,0.725312260993399,-1.543525811722915,-0.0129365512534613,-0.5003244788777053,0.7602483963804458,-1.5244804020513794,-0.0051195372417286,-0.4782154882533063,0
20260804215852,0.7049058174923917,-1.5993160112621791,-0.006342866282122,-0.5432171471215004,0.7602483963804458,-1.5244804020513794,-0.0051195372417286,-0.4782154882533063,0
20260804215852,0.7636648206517617,-1.4650428312769148,-0.012437903703888,-0.4280793962736786,0.7602483963804458,-1.5244804020513794,-0.0051195372417286,-0.4782154882533063,0
20260804215852,0.75972377035106,-1.5280610504692975,-0.0069701141019564,-0.482646533740104,0.7602483963804458,-1.5244804020513794,-0.0051195372417286,-0.4782154882533063,0
20260804215852,0.7892671359233187,-1.4407447457980722,-0.0192512423720166,-0.4305803812928482,0.7602483963804458,-1.5244804020513794,-0.0051195372417286,-0.4782154882533063,0
20260804215852,0.8149875036053584,-1.2562975374308023,-0.0171445946626434,-0.3399458495306093,0.7602483963804458,-1.5244804020513794,-0.0051195372417286,-0.4782154882533063,0
20260804215852,0.806783744693336,-1.328613928099898,-0.0151045742592703,-0.3776294167815247,0.7602483963804458,-1.5244804020513794,-0.0051195372417286,-0.4782154882533063,0
20260804215852,0.7612070028483945,-1.2893886801290906,-0.0195220070331577,-0.3662021292351354,0.7602483963804458,-1.5244804020513794,-0.0051195372417286,-0.4782154882533063,0
20260804215852,0.7561890317846336,-1.2876955252283997,-0.0241696937664112,-0.3641069863127596,0.7602483963804458,-1.5244804020513794,-0.0051195372417286,-0.4782154882533063,0
20260804215852,0.7564602920560537,-1.4555045872195764,-0.0232300926374699,-0.4376503689564836,0.7602483963804458,-1.5244804020513794,-0.0051195372417286,-0.4782154882533063,0
20260804215852,0.7703646725157415,-1.4730100813386602,-0.0149114564485412,-0.4379908321417,0.7602483963804458,-1.5244804020513794,-0.0051195372417286,-0.4782154882533063,0
20260804215852,0.8451906830551591,-1.4881821034995657,-0.009351540704657,-0.4164480172553019,0.7602483963804458,-1.5244804020513794,-0.0051195372417286,-0.4782154882533063,0
20260804215852,0.8292727331214333,-1.4607394383079504,-0.012399120871468,-0.4167474434183592,0.7602483963804458,-1.5244804020513794,-0.0051195372417286,-0.4782154882533063,0
20260804215852,0.8199279813128251,-1.4531190476386378,-0.0153757936138987,-0.4069523443578779,0.7602483963804458,-1.5244804020513794,-0.0051195372417286,-0.4782154882533063,0
20260804215852,0.8357750245205536,-1.334669214470593,-0.0129110924876161,-0.3557733635061406,0.7602483963804458,-1.5244804020513794,-0.0051195372417286,-0.4782154882533063,0
20260804215852,0.8281850978151535,-1.3054855240797478,-0.0159979688095344,-0.3588378466265066,0.7602483963804458,-1.5244804020513794,-0.0051195372417286,-0.4782154882533063,0
20260804215852,0.8210175420460506,-1.4909618904081567,-0.0125704687377789,-0.438680541083951,0.7602483963804458,-1.5244804020513794,-0.0051195372417286,-0.4782154882533063,0
20260804215852,0.815593908227389,-1.5456201173658672,-0.0107956933302061,-0.4575562513250517,0.7602483963804458,-1.5244804020513794,-0.0051195372417286,-0.4782154882533063,0
20260804215852,0.8190837762105799,-1.454241301631222,-0.0101393883905453,-0.4259894315628483,0.7602483963804458,-1.5244804020513794,-0.0051195372417286,-0.4782154882533063,0
20260804215852,0.7377228714314881,-1.6198104221415446,-0.0113755028755801,-0.5302396916468751,0.7602483963804458,-1.5244804020513794,-0.0051195372417286,-0.4782154882533063,0
20260804215852,0.728229447909563,-1.55658378086289,-0.0114275364888758,-0.4950443946973805,0.7602483963804458,-1.5244804020513794,-0.0051195372417286,-0.4782154882533063,0
20260804215852,0.7262108546812333,-1.595094326882824,-0.012950331528271,-0.5127177215702692,0.7602483963804458,-1.5244804020513794,-0.0051195372417286,-0.4782154882533063,0
20260804215852,0.7291752696731925,-1.5026249044977529,-0.0124035434909069,-0.4634400932211475,0.7602483963804458,-1.5244804020513794,-0.0051195372417286,-0.4782154882533063,0
20260804215852,0.7048735545375884,-1.1681038582348826,-0.005792585756783,-0.3213001732249491,0.7602483963804458,-1.5244804020513794,-0.0051195372417286,-0.4782154882533063,0
20260804215852,0.7199379311981201,-1.046588011838535,-0.000173170751211,-0.2678958403494142,0.7602483963804458,-1.5244804020513794,-0.0051195372417286,-0.4782154882533063,0
20260804215852,0.739962183159275,-1.3724972005483982,-0.0142773021242583,-0.3830323348369734,0.7602483963804458,-1.5244804020513794,-0.0051195372417286,-0.4782154882533063,0
20260804215852,0.7480183942982745,-1.3457100717200827,-0.0066580365526388,-0.3850251054415545,0.7602483963804458,-1.5244804020513794,-0.0051195372417286,-0.4782154882533063,0
20260804215852,0.741065795785944,-1.3378583192243845,-0.0022254277608067,-0.3885080342703214,0.7602483963804458,-1.5244804020513794,-0.0051195372417286,-0.4782154882533063,0
20260804215852,0.7538607129405647,-1.431668112706521,-0.0039135802287949,-0.3958390342170431,0.7602483963804458,-1.5244804020513794,-0.0051195372417286,-0.4782154882533063,0
20260804215852,0.756928926672278,-1.4418408536244518,-0.0018356524089381,-0.4206536474659134,0.7602483963804458,-1.5244804020513794,-0.0051195372417286,-0.4782154882533063,0
20260804215852,0.7619680976692046,-1.519087683201953,8.442216146059988e-05,-0.4366447524155961,0.7602483963804458,-1.5244804020513794,-0.0051195372417286,-0.4782154882533063,0
20260804215852,0.759438571285276,-1.5192106085647936,-0.0049084085476523,-0.4469953994062162,0.7602483963804458,-1.5244804020513794,-0.0051195372417286,-0.4782154882533063,0
20260804215852,0.8103291041735619,-1.54438920999012,-0.0042544408290033,-0.4470148897251854,0.7602483963804458,-1.5244804020513794,-0.0051195372417286,-0.4782154882533063,0
20260804215852,0.8302190378186116,-1.445264839453359,0.0033814969886764,-0.396516609284055,0.7602483963804458,-1.5244804020513794,-0.0051195372417286,-0.4782154882533063,0
20260804215852,0.8315865289560929,-1.4685787625738762,0.0016004525017471,-0.3918213060458452,0.7602483963804458,-1.5244804020513794,-0.0051195372417286,-0.4782154882533063,0
20260804215852,0.8293883338451346,-1.4770155006346448,0.0003006479165742,-0.4085298689303739,0.7602483963804458,-1.5244804020513794,-0.0051195372417286,-0.4782154882533063,0
20260804215852,0.8261261397721057,-1.495149687709524,0.0001416893266571,-0.4169152060020848,0.7602483963804458,-1.5244804020513794,-0.0051195372417286,-0.4782154882533063,0
20260804215852,0.7582395035175831,-1.546401811067253,0.0060206013379657,-0.4547630922151637,0.7602483963804458,-1.5244804020513794,-0.0051195372417286,-0.4782154882533063,0
20260804215852,0.7421611913392223,-1.4351929766225024,0.0041172133062675,-0.427765728526506,0.7602483963804458,-1.5244804020513794,-0.0051195372417286,-0.4782154882533063,0
20260804215852,0.7436760256872387,-1.4423037706668225,0.0002038584863848,-0.4263437231871784,0.7602483963804458,-1.5244804020513794,-0.0051195372417286,-0.4782154882533063,0
20260804215852,0.739923254760187,-1.5465806913377025,-0.004755239970579,-0.4769911183869614,0.7602483963804458,-1.5244804020513794,-0.0051195372417286,-0.4782154882533063,0
20260804215852,0.7423899361435338,-1.5993373232203525,-0.0054329861833332,-0.4861206847438351,0.7602483963804458,-1.5244804020513794,-0.0051195372417286,-0.4782154882533063,0
20260804215852,0.7446592812160578,-1.494045714530308,-0.0069395769907811,-0.4412447364619393,0.7602483963804458,-1.5244804020513794,-0.0051195372417286,-0.4782154882533063,0
20260804215852,0.7491994171539901,-1.535171199295806,-0.0054084295155598,-0.4658727159999909,0.7602483963804458,-1.5244804020513794,-0.0051195372417286,-0.4782154882533063,0
20260804215852,0.7387007723422945,-1.5335108008736127,0.0028841856789939,-0.469146416656511,0.7602483963804458,-1.5244804020513794,-0.0051195372417286,-0.4782154882533063,0
20260804215852,0.7458039146708046,-1.5413114018703535,0.0052230407921403,-0.4613129011677409,0.7602483963804458,-1.5244804020513794,-0.0051195372417286,-0.4782154882533063,0
20260804215852,0.7370267486737833,-1.473715090768631,0.0048953554005107,-0.4604354051413821,0.7602483963804458,-1.5244804020513794,-0.0051195372417286,-0.4782154882533063,0
20260804215852,0.7590048369369928,-1.3721437944067405,0.0071098126256184,-0.4096201376501012,0.7602483963804458,-1.5244804020513794,-0.0051195372417286,-0.4782154882533063,0
20260804215852,0.7762893925818632,-1.4606809467479178,0.0073155206724112,-0.4486585929813458,0.7602483963804458,-1.5244804020513794,-0.0051195372417286,-0.4782154882533063,0
20260804215852,0.7741069787169619,-1.4044857296693565,0.0074724334612182,-0.4255094334282424,0.7602483963804458,-1.5244804020513794,-0.0051195372417286,-0.4782154882533063,0
20260804215852,0.7495371082050185,-1.4530153869401974,-0.0001988960732547,-0.4539297601060386,0.7602483963804458,-1.5244804020513794,-0.0051195372417286,-0.4782154882533063,0
20260804215852,0.7555386016149883,-1.4714351013934317,-0.0049207064513411,-0.4612310492597057,0.7602483963804458,-1.5244804020513794,-0.0051195372417286,-0.4782154882533063,0
20260804215852,0.7537049749609317,-1.4652385021532437,-8.422391575880754e-05,-0.4566437484933502,0.7602483963804458,-1.5244804020513794,-0.0051195372417286,-0.4782154882533063,0
20260804215852,0.755124858448399,-1.441892335229221,0.0023898558447253,-0.4468768378130219,0.7602483963804458,-1.5244804020513794,-0.0051195372417286,-0.4782154882533063,0
20260804215852,0.7565563459086785,-1.494292212546329,0.0034191492207657,-0.4617485128577985,0.7602483963804458,-1.5244804020513794,-0.0051195372417286,-0.4782154882533063,0
20260804215852,0.7666013052094226,-1.5429429575441764,0.0043420421231103,-0.4727425749510803,0.7602483963804458,-1.5244804020513794,-0.0051195372417286,-0.4782154882533063,0
20260804215852,0.76988085930344,-1.5381895327131612,0.0037310643112078,-0.4877621644904941,0.7602483963804458,-1.5244804020513794,-0.0051195372417286,-0.4782154882533063,0
20260804215852,0.7633959425877667,-1.4722963125317077,0.0031316548847216,-0.4479235173866634,0.7602483963804458,-1.5244804020513794,-0.0051195372417286,-0.4782154882533063,0
20260804215852,0.7747721139608337,-1.4545322074256894,0.004673107827911,-0.4344896802145902,0.7602483963804458,-1.5244804020513794,-0.0051195372417286,-0.4782154882533063,0
20260804215852,0.7862360217026729,-1.4984296962782369,-0.0055279501091457,-0.4420005374865088,0.7602483963804458,-1.5244804020513794,-0.0051195372417286,-0.4782154882533063,0
20260804215852,0.7822081722054881,-1.4876301897097153,0.0005658959377693,-0.4473006026642959,0.7602483963804458,-1.5244804020513794,-0.0051195372417286,-0.4782154882533063,0
20260804215852,0.7612666667295959,-1.5544891499130162,0.0017294279322096,-0.4921064256911677,0.7602483963804458,-1.5244804020513794,-0.0051195372417286,-0.4782154882533063,0
20260804215852,0.7589926519608775,-1.4776144842730168,0.0047795095975255,-0.4424883863864698,0.7602483963804458,-1.5244804020513794,-0.0051195372417286,-0.4782154882533063,0
20260804215852,0.7455379954188647,-1.460540561053836,0.0030579031448238,-0.4308386766679554,0.7602483963804458,-1.5244804020513794,-0.0051195372417286,-0.4782154882533063,0
20260804220146,0.5660164761183974,-1.8442495716058704,0.0072110912279082,-0.7298738196461532,0.6967401108630802,-1.359848617913989,0.0018003121466838,-0.4373449101041183,1
20260804220146,0.5639511131754966,-1.7183547982112384,0.0066011517901153,-0.666660442497105,0.6967401108630802,-1.359848617913989,0.0018003121466838,-0.4373449101041183,1
20260804220146,0.5642170811183429,-1.656552559752981,-0.0007266239102737,-0.6406457781319097,0.6967401108630802,-1.359848617913989,0.0018003121466838,-0.4373449101041183,1
20260804220146,0.5760020837932399,-1.6701492622260283,-0.0059458584306619,-0.65918597648806,0.6967401108630802,-1.359848617913989,0.0018003121466838,-0.4373449101041183,1
20260804220146,0.4879040310677713,-1.7869850370787317,0.0164867893263675,-0.7878895424377037,0.6967401108630802,-1.359848617913989,0.0018003121466838,-0.4373449101041183,1
20260804220146,0.4261871524173251,-1.7692374747215425,0.0206304771026942,-0.8190696806880662,0.6967401108630802,-1.359848617913989,0.0018003121466838,-0.4373449101041183,1
20260804220146,0.6188991184526843,-1.645232505345462,0.0121352489101997,-0.6300295344339364,0.6967401108630802,-1.359848617913989,0.0018003121466838,-0.4373449101041183,1
20260804220146,0.6003713495400542,-1.58896365022783,0.0036483732649802,-0.601031065087274,0.6967401108630802,-1.359848617913989,0.0018003121466838,-0.4373449101041183,1
20260804220146,0.5966231523722924,-1.603613624048918,0.0058677525816871,-0.5975585449862802,0.6967401108630802,-1.359848617913989,0.0018003121466838,-0.4373449101041183,1
20260804220146,0.5797773710340988,-1.6925017195177434,0.0122987741274501,-0.6613274410777896,0.6967401108630802,-1.359848617913989,0.0018003121466838,-0.4373449101041183,1
20260804220146,0.62779964804882,-1.5218775422435709,0.0138446307637876,-0.541694395740245,0.6967401108630802,-1.359848617913989,0.0018003121466838,-0.4373449101041183,1
20260804220146,0.5217314415334329,-1.6207970360918798,0.0052014845385297,-0.6694451311103863,0.6967401108630802,-1.359848617913989,0.0018003121466838,-0.4373449101041183,1
20260804220146,0.4927694309948792,-1.6392203243045655,0.0182764538012601,-0.6910174891587308,0.6967401108630802,-1.359848617913989,0.0018003121466838,-0.4373449101041183,1
20260804220146,0.4483365602166819,-1.7136537904995095,0.0319840051793499,-0.7549259389225844,0.6967401108630802,-1.359848617913989,0.0018003121466838,-0.4373449101041183,1
20260804220146,0.5902064163880173,-1.4582449171110718,0.0091624510807687,-0.5305375750431013,0.6967401108630802,-1.359848617913989,0.0018003121466838,-0.4373449101041183,1
20260804220146,0.5950155279886621,-1.748900336968025,0.0017016540114989,-0.6711785724079113,0.6967401108630802,-1.359848617913989,0.0018003121466838,-0.4373449101041183,1
20260804220146,0.4657741691121259,-1.821559680314989,0.0274743566301764,-0.8006117392141012,0.6967401108630802,-1.359848617913989,0.0018003121466838,-0.4373449101041183,1
20260804220146,0.3470597631832647,-1.7813052775816312,0.0312731937629939,-0.8706263764115856,0.6967401108630802,-1.359848617913989,0.0018003121466838,-0.4373449101041183,1
20260804220146,0.4109543325490226,-1.8367272485613133,0.0286744270174059,-0.8478251519876416,0.6967401108630802,-1.359848617913989,0.0018003121466838,-0.4373449101041183,1
20260804220146,0.4562133085874635,-1.617829423221389,0.0306546549465509,-0.6907551293541868,0.6967401108630802,-1.359848617913989,0.0018003121466838,-0.4373449101041183,1
20260804220146,0.5107779284355872,-1.4945688253172236,0.026382204599151,-0.6027268972165376,0.6967401108630802,-1.359848617913989,0.0018003121466838,-0.4373449101041183,1
20260804220146,0.5906095198348985,-1.609011379573131,0.0291853425754412,-0.5857440885038655,0.6967401108630802,-1.359848617913989,0.0018003121466838,-0.4373449101041183,1
20260804220146,0.5190117504252222,-1.2795035111736404,0.0150295979033887,-0.4638131677648045,0.6967401108630802,-1.359848617913989,0.0018003121466838,-0.4373449101041183,1
20260804220146,0.5207888007797321,-1.2980444118405088,0.0095112781782352,-0.469742651968845,0.6967401108630802,-1.359848617913989,0.0018003121466838,-0.4373449101041183,1
20260804220146,0.5244700103589707,-1.3724273086188477,0.0157972509552805,-0.4863419981664511,0.6967401108630802,-1.359848617913989,0.0018003121466838,-0.4373449101041183,1
20260804220146,0.5326576830336361,-1.3199971692235424,0.019082463966874,-0.4702967684407222,0.6967401108630802,-1.359848617913989,0.0018003121466838,-0.4373449101041183,1
20260804220146,0.547251875326804,-1.3340026895019756,0.023434742693537,-0.4750164086207948,0.6967401108630802,-1.359848617913989,0.0018003121466838,-0.4373449101041183,1
20260804220146,0.5417467658962013,-1.4021020121641408,0.0303011478183082,-0.4977194034457436,0.6967401108630802,-1.359848617913989,0.0018003121466838,-0.4373449101041183,1
20260804220146,0.5409113907051507,-1.4296281265766104,0.0348222262405439,-0.51082842806854,0.6967401108630802,-1.359848617913989,0.0018003121466838,-0.4373449101041183,1
20260804220146,0.3051786388318042,-1.9326535181315576,0.0497680976358294,-1.0541498804716003,0.6967401108630802,-1.359848617913989,0.0018003121466838,-0.4373449101041183,1
20260804220146,0.3140282518763033,-1.9003551699120824,0.0543815000099679,-1.038308275299216,0.6967401108630802,-1.359848617913989,0.0018003121466838,-0.4373449101041183,1
20260804220146,0.3262274747190037,-1.7934259032451418,0.0480515715049315,-0.9808161577657948,0.6967401108630802,-1.359848617913989,0.0018003121466838,-0.4373449101041183,1
20260804220146,0.3043907437835196,-1.7943038140379135,0.0394841561718498,-1.0295752497687445,0.6967401108630802,-1.359848617913989,0.0018003121466838,-0.4373449101041183,1
20260804220146,0.2906693146482451,-1.7453697595488251,0.0548015158521759,-1.00722892483202,0.6967401108630802,-1.359848617913989,0.0018003121466838,-0.4373449101041183,1
20260804220146,0.3047873652469574,-1.7485344257484852,0.0398300960605215,-0.9843405293163094,0.6967401108630802,-1.359848617913989,0.0018003121466838,-0.4373449101041183,1
20260804220146,0.3163490990298505,-1.7076977005108147,0.0481151646677319,-0.9948674520524616,0.6967401108630802,-1.359848617913989,0.0018003121466838,-0.4373449101041183,1
20260804220146,0.321847850969179,-1.7124012732454623,0.052974501931394,-0.9793220960232212,0.6967401108630802,-1.359848617913989,0.0018003121466838,-0.4373449101041183,1
20260804220146,0.357261713255292,-1.7258239346556097,0.05703151806284,-0.9455423184345786,0.6967401108630802,-1.359848617913989,0.0018003121466838,-0.4373449101041183,1
20260804220146,0.3489362848040322,-1.694521625903931,0.0588192894103748,-0.9253169484265876,0.6967401108630802,-1.359848617913989,0.0018003121466838,-0.4373449101041183,1
20260804220146,0.5586476979269919,-1.4643452092984248,0.0196397562903336,-0.5474501578383973,0.6967401108630802,-1.359848617913989,0.0018003121466838,-0.4373449101041183,1
20260804220146,0.4907290153178741,-1.7325315227691531,0.0187056744471762,-0.7686180316937778,0.6967401108630802,-1.359848617913989,0.0018003121466838,-0.4373449101041183,1
20260804220146,0.5024125497850959,-1.800946921563583,0.0254639823966716,-0.7624210416377817,0.6967401108630802,-1.359848617913989,0.0018003121466838,-0.4373449101041183,1
20260804220146,0.602828351968506,-1.1574710683249505,0.019661214731883,-0.3824612383764703,0.6967401108630802,-1.359848617913989,0.0018003121466838,-0.4373449101041183,1
20260804220146,0.6195953682963372,-1.2656245104355202,0.0031448603023934,-0.4195358954937296,0.6967401108630802,-1.359848617913989,0.0018003121466838,-0.4373449101041183,1
20260804220146,0.6026949747860132,-1.550210928832244,0.0100989733793431,-0.5534296899114428,0.6967401108630802,-1.359848617913989,0.0018003121466838,-0.4373449101041183,1
20260804220146,0.6020682981296225,-1.4920138314900695,0.0007147200740847,-0.5312798897059128,0.6967401108630802,-1.359848617913989,0.0018003121466838,-0.4373449101041183,1
20260804220146,0.6022987120390714,-1.1337036868095955,0.0107274101866866,-0.3873375399927208,0.6967401108630802,-1.359848617913989,0.0018003121466838,-0.4373449101041183,1
20260804220146,0.5936540851283353,-1.3017508895509864,0.0103724378798704,-0.4569775143666493,0.6967401108630802,-1.359848617913989,0.0018003121466838,-0.4373449101041183,1
20260804220146,0.6833875682596803,-1.4505952452232902,0.0003250723942965,-0.486056795123356,0.6967401108630802,-1.359848617913989,0.0018003121466838,-0.4373449101041183,1
20260804220146,0.6792281348270327,-1.555100158400463,0.0181411200339697,-0.5543475307081581,0.6967401108630802,-1.359848617913989,0.0018003121466838,-0.4373449101041183,1
20260804220146,0.6366088293649166,-1.52687100674228,0.0041654251078016,-0.5478796479919803,0.6967401108630802,-1.359848617913989,0.0018003121466838,-0.4373449101041183,1
20260804220146,0.7867055688209678,-1.6594018565275457,0.0029500618065222,-0.5675866829296702,0.6967401108630802,-1.359848617913989,0.0018003121466838,-0.4373449101041183,1
20260804220146,0.4104374282012281,-1.8232166913369792,0.0419631937651984,-0.835107724283317,0.6967401108630802,-1.359848617913989,0.0018003121466838,-0.4373449101041183,1
20260804220146,0.4449700895262177,-1.763549773130578,0.0331791656449297,-0.75202917409787,0.6967401108630802,-1.359848617913989,0.0018003121466838,-0.4373449101041183,1
20260804220146,0.4920624356416339,-1.6229994357877775,0.0107609380615354,-0.6673722372867693,0.6967401108630802,-1.359848617913989,0.0018003121466838,-0.4373449101041183,1
20260804220146,0.4901212752748407,-1.624017111925631,0.0210563196972066,-0.671995214261029,0.6967401108630802,-1.359848617913989,0.0018003121466838,-0.4373449101041183,1
20260804220146,0.5064223941290726,-1.5753328183480235,0.0220953126810309,-0.6387010333582643,0.6967401108630802,-1.359848617913989,0.0018003121466838,-0.4373449101041183,1
20260804220146,0.4780589200489032,-1.719262477126394,0.0276621247229513,-0.7256923962673318,0.6967401108630802,-1.359848617913989,0.0018003121466838,-0.4373449101041183,1
20260804220146,0.4814421377878454,-1.682967482715585,0.0425626520152236,-0.7028770553185986,0.6967401108630802,-1.359848617913989,0.0018003121466838,-0.4373449101041183,1
20260804220146,0.5003582314216757,-1.5828462826164846,0.042576010346282,-0.6484000070655672,0.6967401108630802,-1.359848617913989,0.0018003121466838,-0.4373449101041183,1
20260804220146,0.6072108753654766,-1.596866779271996,0.0155386330033886,-0.5819261330945011,0.6967401108630802,-1.359848617913989,0.0018003121466838,-0.4373449101041183,1
20260804220146,0.5587693715297546,-1.5686486593652684,0.0318362428849242,-0.5799640710128648,0.6967401108630802,-1.359848617913989,0.0018003121466838,-0.4373449101041183,1
20260804220146,0.5895181474889799,-1.5535335677791222,0.025234360263456,-0.5490493231519168,0.6967401108630802,-1.359848617913989,0.0018003121466838,-0.4373449101041183,1
20260804220146,0.619552426801818,-1.609504354316731,0.0295587920273887,-0.5546483355544062,0.6967401108630802,-1.359848617913989,0.0018003121466838,-0.4373449101041183,1
20260804220146,0.6258383421256174,-1.5612761310589665,0.0323047783628733,-0.5447972856819832,0.6967401108630802,-1.359848617913989,0.0018003121466838,-0.4373449101041183,1
20260804220146,0.5788116069867513,-1.837063641966908,0.0315809690459146,-0.7479826591682992,0.6967401108630802,-1.359848617913989,0.0018003121466838,-0.4373449101041183,1
20260804220146,0.4988306752348572,-1.7652093084627267,0.0380465472092544,-0.790507310414331,0.6967401108630802,-1.359848617913989,0.0018003121466838,-0.4373449101041183,1
20260804220146,0.5066938021172295,-1.721527112920915,0.0397368397826191,-0.7907593257643009,0.6967401108630802,-1.359848617913989,0.0018003121466838,-0.4373449101041183,1
20260804220146,0.7155415143859305,-1.4872623153212816,0.0113063684008274,-0.4178618721741192,0.6967401108630802,-1.359848617913989,0.0018003121466838,-0.4373449101041183,1
20260804220146,0.7190268294842547,-1.0825348344146823,0.011518978613151,-0.2827094151291285,0.6967401108630802,-1.359848617913989,0.0018003121466838,-0.4373449101041183,1
20260804220146,0.6688448738635779,-1.2887352633871414,-0.01829863822607,-0.4009423663636379,0.6967401108630802,-1.359848617913989,0.0018003121466838,-0.4373449101041183,1
20260804220146,0.6152363831263501,-1.6043795917938293,0.0034668420272983,-0.5820694140993121,0.6967401108630802,-1.359848617913989,0.0018003121466838,-0.4373449101041183,1
20260804220146,0.5988447555385076,-1.5141425755428417,-0.0083971284503537,-0.5223504205575897,0.6967401108630802,-1.359848617913989,0.0018003121466838,-0.4373449101041183,1
20260804220146,0.5901806642081943,-1.6600575503253343,-8.818419803788893e-05,-0.5991293014107381,0.6967401108630802,-1.359848617913989,0.0018003121466838,-0.4373449101041183,1
20260804220146,0.5209266650402039,-1.7982918693840595,0.0223828854241231,-0.7367165291131093,0.6967401108630802,-1.359848617913989,0.0018003121466838,-0.4373449101041183,1
20260804220146,0.5298698640004246,-1.796332169042847,0.0263426198557863,-0.7279057556556969,0.6967401108630802,-1.359848617913989,0.0018003121466838,-0.4373449101041183,1
20260804220146,0.2929318422927471,-1.1887015927731508,0.0662617586148608,-0.681921625481052,0.6967401108630802,-1.359848617913989,0.0018003121466838,-0.4373449101041183,1
20260804220146,0.2482116065083325,-1.39311918053385,0.0599031996487649,-0.8437741678051781,0.6967401108630802,-1.359848617913989,0.0018003121466838,-0.4373449101041183,1
20260804220146,0.2378896050529605,-1.3619878021309113,0.0568784478423174,-0.8041946173212734,0.6967401108630802,-1.359848617913989,0.0018003121466838,-0.4373449101041183,1
20260804220146,0.2742750212473894,-1.2066690190908067,0.0413745029518982,-0.6939556586781134,0.6967401108630802,-1.359848617913989,0.0018003121466838,-0.4373449101041183,1
20260804220146,0.3129845715888534,-0.6929482783838253,-0.0114828864115125,-0.4027054646853565,0.6967401108630802,-1.359848617913989,0.0018003121466838,-0.4373449101041183,1
20260804220146,0.2309745176568141,-0.9354810660191576,-0.0402372261592107,-0.5839755602959894,0.6967401108630802,-1.359848617913989,0.0018003121466838,-0.4373449101041183,1
20260804220146,0.2554384644429456,-0.7883221613036275,-0.0305555749272978,-0.4765520470424497,0.6967401108630802,-1.359848617913989,0.0018003121466838,-0.4373449101041183,1
20260804220146,0.0896260645197419,-1.8701725692185112,0.0455504581292452,-1.0973262757954492,0.6967401108630802,-1.359848617913989,0.0018003121466838,-0.4373449101041183,1
20260804220146,0.1312656844639484,-1.503227640937023,0.1105081689613095,-0.8577002049402183,0.6967401108630802,-1.359848617913989,0.0018003121466838,-0.4373449101041183,1
20260804220146,0.2697846227232721,-1.1316206573898977,0.1083338523397601,-0.5794980404395406,0.6967401108630802,-1.359848617913989,0.0018003121466838,-0.4373449101041183,1
20260804220146,0.2411898215240901,-0.9516131318097194,0.0590996169866488,-0.4464662602308779,0.6967401108630802,-1.359848617913989,0.0018003121466838,-0.4373449101041183,1
20260804220146,0.3110880599276128,-0.7601723868061742,0.0677320094348128,-0.3698210851832668,0.6967401108630802,-1.359848617913989,0.0018003121466838,-0.4373449101041183,1
20260804220146,0.1705500302590569,-1.4331537992649035,0.0540080736285273,-0.7605560228777257,0.6967401108630802,-1.359848617913989,0.0018003121466838,-0.4373449101041183,1
20260804220146,0.1568324489469611,-1.6242147474822994,0.0265055991075696,-0.9350376651593898,0.6967401108630802,-1.359848617913989,0.0018003121466838,-0.4373449101041183,1
20260804220146,-0.0320046478250744,-1.3034101871961448,0.0676656559944112,-0.9667726842853136,0.6967401108630802,-1.359848617913989,0.0018003121466838,-0.4373449101041183,1
20260804220146,0.3455217782708606,-1.467231671086286,0.0269390975902764,-0.777007606241245,0.6967401108630802,-1.359848617913989,0.0018003121466838,-0.4373449101041183,1
20260804220146,0.3931422992182632,-1.931507292631144,0.0509235884951299,-0.9982616855990916,0.6967401108630802,-1.359848617913989,0.0018003121466838,-0.4373449101041183,1
20260804220146,0.48849216476145,-1.79209891429584,0.014633838393071,-0.841392023219927,0.6967401108630802,-1.359848617913989,0.0018003121466838,-0.4373449101041183,1
20260804220146,0.3659728913787993,-1.808930940540764,0.0648391869499982,-0.9063273844051996,0.6967401108630802,-1.359848617913989,0.0018003121466838,-0.4373449101041183,1
20260804220146,0.3674379357907208,-1.6844457066187104,0.0626646033405963,-0.8282238765161359,0.6967401108630802,-1.359848617913989,0.0018003121466838,-0.4373449101041183,1
20260804220146,0.3872841781988421,-1.6130229211659235,0.0561538663804206,-0.7865259761036089,0.6967401108630802,-1.359848617913989,0.0018003121466838,-0.4373449101041183,1
20260804220146,0.5687120933721395,-1.5602858638700146,0.0272087863218253,-0.5964523881117679,0.6967401108630802,-1.359848617913989,0.0018003121466838,-0.4373449101041183,1
20260804220146,0.508167362574901,-1.8899273854660967,0.0259664982155381,-0.8356724282151917,0.6967401108630802,-1.359848617913989,0.0018003121466838,-0.4373449101041183,1
20260804220146,0.2271749323638878,-2.063671982889997,0.0518035105140604,-1.1765742171075335,0.6967401108630802,-1.359848617913989,0.0018003121466838,-0.4373449101041183,1
20260804220146,0.1331793895184775,-1.881852129275461,0.0709506972680301,-1.185092968004949,0.6967401108630802,-1.359848617913989,0.0018003121466838,-0.4373449101041183,1
20260804220146,0.5110853016502129,-1.6773786787530227,0.0155330574971877,-0.7073745105448297,0.6967401108630802,-1.359848617913989,0.0018003121466838,-0.4373449101041183,1
20260804220146,0.5305694541339459,-1.5127381550806396,0.0118473202665281,-0.6512643829072854,0.6967401108630802,-1.359848617913989,0.0018003121466838,-0.4373449101041183,1
20260804220146,0.4757079252587889,-1.5607989238315534,0.0170822054891152,-0.6488632970782683,0.6967401108630802,-1.359848617913989,0.0018003121466838,-0.4373449101041183,1
20260804220146,0.4683101676299066,-1.6875854820994274,0.0198460995318915,-0.7477812900441957,0.6967401108630802,-1.359848617913989,0.0018003121466838,-0.4373449101041183,1
20260804220146,0.364437194127243,-1.843051962564921,0.0582371024566486,-0.9797997714398414,0.6967401108630802,-1.359848617913989,0.0018003121466838,-0.4373449101041183,1
20260804220146,0.3173757275040649,-1.8448470722815495,0.0378611886178284,-0.9968227016507244,0.6967401108630802,-1.359848617913989,0.0018003121466838,-0.4373449101041183,1
20260804220146,-0.0686668868426194,-1.9232791895040608,0.0931213482714881,-1.3740618125992512,0.6967401108630802,-1.359848617913989,0.0018003121466838,-0.4373449101041183,1
20260804220146,-0.0828998614936262,-1.823956161210316,0.1061524734215598,-1.2967050596829552,0.6967401108630802,-1.359848617913989,0.0018003121466838,-0.4373449101041183,1
20260804220146,-0.0946729035029337,-1.456751104210875,0.0657206200637693,-1.190719011215985,0.6967401108630802,-1.359848617913989,0.0018003121466838,-0.4373449101041183,1
20260804220146,0.0926780941719038,-1.7556466482064803,0.0171446829024481,-1.1894215964607524,0.6967401108630802,-1.359848617913989,0.0018003121466838,-0.4373449101041183,1
20260804220146,0.3451881347463942,-1.6199610435444014,0.0321012024114341,-0.8338814752829254,0.6967401108630802,-1.359848617913989,0.0018003121466838,-0.4373449101041183,1
20260804220146,0.2109222021952962,-1.591237311797031,0.0447748680450863,-0.990766452278112,0.6967401108630802,-1.359848617913989,0.0018003121466838,-0.4373449101041183,1
20260804220146,0.2792521841818302,-1.5645691616973303,0.053434990191522,-0.8989577911656141,0.6967401108630802,-1.359848617913989,0.0018003121466838,-0.4373449101041183,1
20260804220146,0.2975444003407088,-1.418341546834769,0.0713573543249317,-0.8042975015148861,0.6967401108630802,-1.359848617913989,0.0018003121466838,-0.4373449101041183,1
20260804220146,0.3257066810108525,-1.59608770736129,0.0603323027270125,-0.826861003387515,0.6967401108630802,-1.359848617913989,0.0018003121466838,-0.4373449101041183,1
20260804220146,0.3554793005573661,-1.8042932777781424,0.070097253752092,-0.943431135225859,0.6967401108630802,-1.359848617913989,0.0018003121466838,-0.4373449101041183,1
20260804220146,0.3874222683917567,-1.7679517434951295,0.060493842641137,-0.8818326224144716,0.6967401108630802,-1.359848617913989,0.0018003121466838,-0.4373449101041183,1
20260804220146,0.3920914368083433,-1.6304584075673796,0.0597771883744139,-0.832723703928622,0.6967401108630802,-1.359848617913989,0.0018003121466838,-0.4373449101041183,1
20260804220146,0.3709565428977042,-1.7873496216758569,0.0593534666551439,-0.941958964861507,0.6967401108630802,-1.359848617913989,0.0018003121466838,-0.4373449101041183,1
20260804220146,0.3792339830371712,-1.8444024146186877,0.0619586072050313,-0.9672207639120066,0.6967401108630802,-1.359848617913989,0.0018003121466838,-0.4373449101041183,1
20260804220146,0.3807139425379215,-1.837128301306156,0.0504331872628185,-0.9493949535280136,0.6967401108630802,-1.359848617913989,0.0018003121466838,-0.4373449101041183,1
20260804220146,0.3827211647238208,-1.8836764874657748,0.0453674356073647,-0.9689017428229468,0.6967401108630802,-1.359848617913989,0.0018003121466838,-0.4373449101041183,1
20260804220146,0.35965482725171,-1.6777288858171149,0.0290636865701489,-0.8097125287532708,0.6967401108630802,-1.359848617913989,0.0018003121466838,-0.4373449101041183,1
20260804220146,0.3833996164493239,-1.6840259476828732,0.019489165376687,-0.808182928002388,0.6967401108630802,-1.359848617913989,0.0018003121466838,-0.4373449101041183,1
20260804220743,0.7679966594212895,-0.9768063918394434,0.012077832501295592,-0.21550845024737433,0.6992645853026404,-0.9885083503980439,0.0078098138826560625,-0.23862055946372288,0
20260804220743,0.7494140896197042,-1.009941345376517,0.012939491934480957,-0.2177200311775745,0.6992645853026404,-0.9885083503980439,0.0078098138826560625,-0.23862055946372288,0
20260804220743,0.8055801058844753,-0.9464594599027032,0.015939325899652766,-0.18789322768740374,0.6992645853026404,-0.9885083503980439,0.0078098138826560625,-0.23862055946372288,0
20260804220743,0.8033106308378634,-1.0752416422393078,0.02255045926026508,-0.2188779697812331,0.6992645853026404,-0.9885083503980439,0.0078098138826560625,-0.23862055946372288,0
20260804220743,0.8149385433223362,-1.2806043966213683,0.021954856410251414,-0.31268459727286674,0.6992645853026404,-0.9885083503980439,0.0078098138826560625,-0.23862055946372288,0
20260804220743,0.8038041489447779,-1.4708408932805428,-0.006335912692364715,-0.4129144352553859,0.6992645853026404,-0.9885083503980439,0.0078098138826560625,-0.23862055946372288,0
20260804220743,0.8508435584185675,-1.790626888142315,-0.006867281398684261,-0.5002914118174637,0.6992645853026404,-0.9885083503980439,0.0078098138826560625,-0.23862055946372288,0
20260804220743,0.8667172701109163,-1.9962117027210406,-0.0025879156946486213,-0.6241916616886946,0.6992645853026404,-0.9885083503980439,0.0078098138826560625,-0.23862055946372288,0
20260804220743,0.7963891446344726,-1.4241314606204012,-0.0011660023864002653,-0.3945767110636213,0.6992645853026404,-0.9885083503980439,0.0078098138826560625,-0.23862055946372288,0
20260804220743,0.7585440554036518,-1.4595662955865973,-0.00300608669360994,-0.42261464706467466,0.6992645853026404,-0.9885083503980439,0.0078098138826560625,-0.23862055946372288,0
20260804220743,0.8244416798794155,-1.523632434532125,-0.014266258701109069,-0.4076954107886231,0.6992645853026404,-0.9885083503980439,0.0078098138826560625,-0.23862055946372288,0
20260804220743,0.8184917062079192,-1.3850890124724946,-0.01830472667673429,-0.13820596098874963,0.6992645853026404,-0.9885083503980439,0.0078098138826560625,-0.23862055946372288,0
20260804220743,0.698604698994683,-1.2249678751955986,-0.012969604577305487,0.030242719201995106,0.6992645853026404,-0.9885083503980439,0.0078098138826560625,-0.23862055946372288,0
20260804220743,0.6217154500237476,-1.4524708184379103,-0.0021963886944568797,-0.11428255014920885,0.6992645853026404,-0.9885083503980439,0.0078098138826560625,-0.23862055946372288,0
20260804220743,0.7632694745900551,-1.3277926739163077,-0.01847221182630434,-0.05513488952187911,0.6992645853026404,-0.9885083503980439,0.0078098138826560625,-0.23862055946372288,0
20260804220743,0.5206669891601025,-0.4227240926039277,0.16938909777870836,0.5054853744591795,0.6992645853026404,-0.9885083503980439,0.0078098138826560625,-0.23862055946372288,0
20260804220743,0.5921560945797446,-0.6215434143436674,0.09352726973561784,0.5156068135652317,0.6992645853026404,-0.9885083503980439,0.0078098138826560625,-0.23862055946372288,0
20260804220743,0.6775089290205745,-1.3461793140955611,-0.007212503571133661,0.02326381803306229,0.6992645853026404,-0.9885083503980439,0.0078098138826560625,-0.23862055946372288,0
20260804220743,0.6445201852375224,-1.3958699611660974,-0.0018778400787867154,-0.12728032825547422,0.6992645853026404,-0.9885083503980439,0.0078098138826560625,-0.23862055946372288,0
20260804220743,0.750061558222092,-1.7670736760173014,-0.020851219992216435,-0.48156460727778,0.6992645853026404,-0.9885083503980439,0.0078098138826560625,-0.23862055946372288,0
20260804220743,0.8311622529546097,-1.5430904283313238,-0.0104378280652995,-0.44774278784739857,0.6992645853026404,-0.9885083503980439,0.0078098138826560625,-0.23862055946372288,0
20260804220743,0.8300867807880441,-1.9426942628486574,-0.04420587631764627,-0.635421909741194,0.6992645853026404,-0.9885083503980439,0.0078098138826560625,-0.23862055946372288,0
20260804220743,0.823936749901176,-1.9348017207151516,-0.040617632421859236,-0.5962944919402833,0.6992645853026404,-0.9885083503980439,0.0078098138826560625,-0.23862055946372288,0
20260804220743,0.7429818504584504,-1.313867654798922,-0.01564534861944072,-0.27444191200599416,0.6992645853026404,-0.9885083503980439,0.0078098138826560625,-0.23862055946372288,0
20260804220743,0.8310180210930648,-1.836272971605811,-0.019880856566051246,-0.5731684510654699,0.6992645853026404,-0.9885083503980439,0.0078098138826560625,-0.23862055946372288,0
20260804220743,0.7908895085225769,-1.7274214090626887,-0.010146608989766524,-0.5569831447128435,0.6992645853026404,-0.9885083503980439,0.0078098138826560625,-0.23862055946372288,0
20260804220743,0.7788093202899927,-1.7773423484476736,-0.009426676058716138,-0.5531664035046063,0.6992645853026404,-0.9885083503980439,0.0078098138826560625,-0.23862055946372288,0
20260804220743,0.7366094617009075,-1.637022029693889,-0.011157253260541447,-0.5165533262575362,0.6992645853026404,-0.9885083503980439,0.0078098138826560625,-0.23862055946372288,0
20260804220743,0.7552341314338394,-1.586403039022537,-0.004655069055833503,-0.47002760234280155,0.6992645853026404,-0.9885083503980439,0.0078098138826560625,-0.23862055946372288,0
20260804220743,0.7890782566491574,-1.5859661597827774,-0.000474436509525966,-0.49214357110013807,0.6992645853026404,-0.9885083503980439,0.0078098138826560625,-0.23862055946372288,0
20260804220743,0.808428562846858,-1.6650228924707107,0.010796323593968772,-0.5212825832805777,0.6992645853026404,-0.9885083503980439,0.0078098138826560625,-0.23862055946372288,0
20260804220743,0.7830849639710498,-1.6611674435864232,0.012928911345742864,-0.5114824072529283,0.6992645853026404,-0.9885083503980439,0.0078098138826560625,-0.23862055946372288,0
20260804220743,0.7975939915331237,-1.5297299006749752,0.012795877034165033,-0.4275984135947667,0.6992645853026404,-0.9885083503980439,0.0078098138826560625,-0.23862055946372288,0
20260804220743,0.7910012892237334,-1.5697376963855325,0.0037566214271043466,-0.468234912799769,0.6992645853026404,-0.9885083503980439,0.0078098138826560625,-0.23862055946372288,0
20260804220743,0.7770885383782855,-1.5006335410345701,0.0042234138431767,-0.4210760604184974,0.6992645853026404,-0.9885083503980439,0.0078098138826560625,-0.23862055946372288,0
20260804220743,0.7799985929400601,-1.5622495654202015,-2.5673842505646993e-05,-0.4794654689318998,0.6992645853026404,-0.9885083503980439,0.0078098138826560625,-0.23862055946372288,0
20260804220743,0.7816667181985627,-1.6205016300886046,0.004802883830466118,-0.49897921008853957,0.6992645853026404,-0.9885083503980439,0.0078098138826560625,-0.23862055946372288,0
20260804220743,0.772161352889109,-1.6018535511863592,0.008427538635820677,-0.5072663958010356,0.6992645853026404,-0.9885083503980439,0.0078098138826560625,-0.23862055946372288,0
20260804220743,0.7669549687409497,-1.6123317073235277,0.008321577800128314,-0.5189463386992814,0.6992645853026404,-0.9885083503980439,0.0078098138826560625,-0.23862055946372288,0
20260804220743,0.7741986876480753,-1.45583065201629,0.007112546261967279,-0.4437387890256995,0.6992645853026404,-0.9885083503980439,0.0078098138826560625,-0.23862055946372288,0
20260804220743,0.8273455143534011,-1.3438164407380395,0.006196690589694238,-0.3711528657699976,0.6992645853026404,-0.9885083503980439,0.0078098138826560625,-0.23862055946372288,0
20260804220743,0.8754099283095067,-1.5496677866516257,0.002949900215539825,-0.45874549386316305,0.6992645853026404,-0.9885083503980439,0.0078098138826560625,-0.23862055946372288,0
20260804220743,0.8605002608047468,-1.6386950637253181,-0.004038119041669368,-0.5026309034634989,0.6992645853026404,-0.9885083503980439,0.0078098138826560625,-0.23862055946372288,0
20260804220743,0.9027174102764006,-1.6288294195798787,0.003961439027378591,-0.510305516787261,0.6992645853026404,-0.9885083503980439,0.0078098138826560625,-0.23862055946372288,0
20260804220743,0.8623613688400262,-1.6000469000939215,0.0021446972490446526,-0.4918334112475165,0.6992645853026404,-0.9885083503980439,0.0078098138826560625,-0.23862055946372288,0
20260804220743,0.8543671477812842,-1.5499176301376871,0.00018558111955029283,-0.4603980448917466,0.6992645853026404,-0.9885083503980439,0.0078098138826560625,-0.23862055946372288,0
20260804220743,0.851836801784046,-1.5928205521999372,-0.0035852542025515822,-0.49330626652018317,0.6992645853026404,-0.9885083503980439,0.0078098138826560625,-0.23862055946372288,0
20260804220743,0.8485343277951627,-1.615983013491348,-0.005471567862912227,-0.4999387070772545,0.6992645853026404,-0.9885083503980439,0.0078098138826560625,-0.23862055946372288,0
20260804220743,0.8449691037779182,-1.8091057330247478,-0.008159756821313193,-0.6038756295526665,0.6992645853026404,-0.9885083503980439,0.0078098138826560625,-0.23862055946372288,0
20260804220743,0.8433750924242455,-1.729025151072648,-0.005519684377732063,-0.5714954275845665,0.6992645853026404,-0.9885083503980439,0.0078098138826560625,-0.23862055946372288,0
20260804220743,0.8810621355208184,-0.9456225504969556,-0.023435969435123785,-0.19248515716609177,0.6992645853026404,-0.9885083503980439,0.0078098138826560625,-0.23862055946372288,0
20260804220743,0.8763648308846246,-0.9958533003797225,-0.027185946744983633,-0.22725792196720543,0.6992645853026404,-0.9885083503980439,0.0078098138826560625,-0.23862055946372288,0
20260804220743,0.8719585152624137,-0.9051490259685901,-0.0008164798159030697,-0.20373837919880194,0.6992645853026404,-0.9885083503980439,0.0078098138826560625,-0.23862055946372288,0
20260804220743,0.8130591929068879,-0.9397740592013214,-0.03400130134925668,-0.19008939568645622,0.6992645853026404,-0.9885083503980439,0.0078098138826560625,-0.23862055946372288,0
20260804220743,0.7922446995139405,-0.9362610230276659,-0.012071746090166315,-0.2157615495558298,0.6992645853026404,-0.9885083503980439,0.0078098138826560625,-0.23862055946372288,0
20260804220743,0.7920407213381274,-0.9004576500943702,-0.001682973989139567,-0.20283439487585544,0.6992645853026404,-0.9885083503980439,0.0078098138826560625,-0.23862055946372288,0
20260804220743,0.8303143067043436,-0.9088120820448228,0.005358705270783232,-0.18877145634270215,0.6992645853026404,-0.9885083503980439,0.0078098138826560625,-0.23862055946372288,0
20260804220743,0.7928924430517158,-0.8589381423426137,-0.0006118864431771647,-0.2032489261127384,0.6992645853026404,-0.9885083503980439,0.0078098138826560625,-0.23862055946372288,0
20260804220743,0.8542604597505541,-0.8777041876059793,0.0074405913591137195,-0.19146648804914518,0.6992645853026404,-0.9885083503980439,0.0078098138826560625,-0.23862055946372288,0
20260804220743,0.8191191761883944,-0.9291357305467827,0.009184971621903716,-0.2027202579995735,0.6992645853026404,-0.9885083503980439,0.0078098138826560625,-0.23862055946372288,0
20260804220743,0.7983136225831784,-0.9124049098387527,0.006243220860052202,-0.20296804569737736,0.6992645853026404,-0.9885083503980439,0.0078098138826560625,-0.23862055946372288,0
20260804220743,0.7778853282866276,-0.9589971813550907,-0.008959253979804993,-0.21787128787777135,0.6992645853026404,-0.9885083503980439,0.0078098138826560625,-0.23862055946372288,0
20260804220743,0.7808990360504343,-0.9580284636725359,0.007641168117693695,-0.22704327705724636,0.6992645853026404,-0.9885083503980439,0.0078098138826560625,-0.23862055946372288,0
20260804220743,0.7493988686747513,-0.9288153974623113,0.007846812366174351,-0.2321384076597476,0.6992645853026404,-0.9885083503980439,0.0078098138826560625,-0.23862055946372288,0
20260804220743,0.7532251085323661,-0.9705986242126455,0.003315065163206223,-0.23637126145009313,0.6992645853026404,-0.9885083503980439,0.0078098138826560625,-0.23862055946372288,0
20260804220743,0.7479044106712455,-0.9951014295547832,0.001329194732377596,-0.23570546853508062,0.6992645853026404,-0.9885083503980439,0.0078098138826560625,-0.23862055946372288,0
20260804220743,0.7543681430602998,-1.0021137984070616,0.0011503587088622887,-0.23675423919892996,0.6992645853026404,-0.9885083503980439,0.0078098138826560625,-0.23862055946372288,0
20260804220743,0.7625427734597446,-0.9919750537023302,-1.841546536447606e-05,-0.23318475003980574,0.6992645853026404,-0.9885083503980439,0.0078098138826560625,-0.23862055946372288,0
20260804220743,0.8218630913430932,-0.9560251035774657,0.010353876508037839,-0.20812202133789884,0.6992645853026404,-0.9885083503980439,0.0078098138826560625,-0.23862055946372288,0
20260804220743,0.8099695184511709,-0.9560629916507679,0.008916403305043407,-0.21769582424791944,0.6992645853026404,-0.9885083503980439,0.0078098138826560625,-0.23862055946372288,0
20260804220743,0.806332901936098,-0.9637415007576406,0.0071216444232280575,-0.21670259076492382,0.6992645853026404,-0.9885083503980439,0.0078098138826560625,-0.23862055946372288,0
20260804220743,0.8057683632270057,-0.9849177070152106,0.008216731612139079,-0.21689367830905953,0.6992645853026404,-0.9885083503980439,0.0078098138826560625,-0.23862055946372288,0
20260804220743,0.7694612188934086,-0.9862114113812942,0.005206710601689385,-0.2398872869266043,0.6992645853026404,-0.9885083503980439,0.0078098138826560625,-0.23862055946372288,0
20260804220743,0.8167749417642028,-0.9213125293922382,0.012728779363540818,-0.22031210676488217,0.6992645853026404,-0.9885083503980439,0.0078098138826560625,-0.23862055946372288,0
20260804220743,0.812940071362914,-0.9420784763349729,0.009434409386769862,-0.22038388006231974,0.6992645853026404,-0.9885083503980439,0.0078098138826560625,-0.23862055946372288,0
20260804220743,0.8057620883775994,-0.9389135162911932,0.009424379487277238,-0.19836165092461264,0.6992645853026404,-0.9885083503980439,0.0078098138826560625,-0.23862055946372288,0
20260804220743,0.8150632753275354,-0.9607337506725714,0.013584035202942149,-0.1985022866535265,0.6992645853026404,-0.9885083503980439,0.0078098138826560625,-0.23862055946372288,0
20260804220743,0.8200409417111374,-0.8776167692438915,0.011427403473630325,-0.19898629565973847,0.6992645853026404,-0.9885083503980439,0.0078098138826560625,-0.23862055946372288,0
20260804220743,0.843950926826394,-1.0502001160149212,0.010935195084931983,-0.24473951279063427,0.6992645853026404,-0.9885083503980439,0.0078098138826560625,-0.23862055946372288,0
20260804220743,0.8345879450615006,-1.1116405082010548,0.010157515036088844,-0.25593794974312933,0.6992645853026404,-0.9885083503980439,0.0078098138826560625,-0.23862055946372288,0
20260804220743,0.8315024850992695,-1.0929207942990693,0.007941125298866593,-0.24760173122902554,0.6992645853026404,-0.9885083503980439,0.0078098138826560625,-0.23862055946372288,0
20260804220743,0.8503510965635775,-0.9631072251313241,0.009584851510044994,-0.20342799781887033,0.6992645853026404,-0.9885083503980439,0.0078098138826560625,-0.23862055946372288,0
20260804220743,0.8497613568751201,-0.8626784788468023,0.016765869933239193,-0.19777998525185775,0.6992645853026404,-0.9885083503980439,0.0078098138826560625,-0.23862055946372288,0
20260804220743,0.8224656708974075,-0.8950022128578171,0.009889556776286322,-0.2148303741417545,0.6992645853026404,-0.9885083503980439,0.0078098138826560625,-0.23862055946372288,0
20260804220743,0.836155956929539,-0.8690649158191248,0.012648665929655162,-0.19721817559511012,0.6992645853026404,-0.9885083503980439,0.0078098138826560625,-0.23862055946372288,0
20260804220743,0.8419250252382087,-0.8907235502467391,0.022176807357864353,-0.20197303187451457,0.6992645853026404,-0.9885083503980439,0.0078098138826560625,-0.23862055946372288,0
20260804220743,0.8441272450444508,-0.9386869901652948,0.024133353628330974,-0.19547375166755876,0.6992645853026404,-0.9885083503980439,0.0078098138826560625,-0.23862055946372288,0
20260804220743,0.8373513289976742,-0.982231835475825,0.02180729294620072,-0.2014365481248029,0.6992645853026404,-0.9885083503980439,0.0078098138826560625,-0.23862055946372288,0
20260804220743,0.8165590912624833,-0.9670890405033942,0.011385277976131807,-0.20143609593135467,0.6992645853026404,-0.9885083503980439,0.0078098138826560625,-0.23862055946372288,0
20260804220743,0.7949696569263206,-0.9491708493265627,0.004717648485987093,-0.21245359790392046,0.6992645853026404,-0.9885083503980439,0.0078098138826560625,-0.23862055946372288,0
20260804220743,0.7978013556364206,-0.9413830213194891,0.009254659315807613,-0.20744394067059108,0.6992645853026404,-0.9885083503980439,0.0078098138826560625,-0.23862055946372288,0
20260804220743,0.800306237978622,-0.9687908806062889,0.011698365672254938,-0.20515388264002657,0.6992645853026404,-0.9885083503980439,0.0078098138826560625,-0.23862055946372288,0
20260804220743,0.8030958885564051,-0.9256175601643387,0.011864789459486377,-0.20243592796677584,0.6992645853026404,-0.9885083503980439,0.0078098138826560625,-0.23862055946372288,0
20260804220743,0.8182851450057078,-0.9976348481500931,0.01113536218516612,-0.21330259108819596,0.6992645853026404,-0.9885083503980439,0.0078098138826560625,-0.23862055946372288,0
20260804220743,0.8121752794528615,-1.021532176033087,-0.0010140856701710901,-0.2242733691415492,0.6992645853026404,-0.9885083503980439,0.0078098138826560625,-0.23862055946372288,0
20260804220743,0.8179605867417611,-1.0358354163812558,0.0065252359224465305,-0.22645061219836915,0.6992645853026404,-0.9885083503980439,0.0078098138826560625,-0.23862055946372288,0
20260804220743,0.8414136840278911,-0.9409667862041331,0.005154872806920047,-0.20027210242653742,0.6992645853026404,-0.9885083503980439,0.0078098138826560625,-0.23862055946372288,0
20260804220743,0.8609390184820235,-1.0214169872971013,-0.0008319877320334143,-0.21642547135410217,0.6992645853026404,-0.9885083503980439,0.0078098138826560625,-0.23862055946372288,0
20260804220743,0.8593267191830944,-1.0160103264935862,4.0886741279210806e-05,-0.22302270495450846,0.6992645853026404,-0.9885083503980439,0.0078098138826560625,-0.23862055946372288,0
20260804220743,0.846816373184072,-0.9941041840475469,0.004467646074780983,-0.22277850811378977,0.6992645853026404,-0.9885083503980439,0.0078098138826560625,-0.23862055946372288,0
20260804220743,0.8386018449480154,-0.9412219053961887,0.006456358649806551,-0.21898433350712387,0.6992645853026404,-0.9885083503980439,0.0078098138826560625,-0.23862055946372288,0
20260804220743,0.8305798396503661,-0.9083337158785143,0.0033965735166774967,-0.21572140940479487,0.6992645853026404,-0.9885083503980439,0.0078098138826560625,-0.23862055946372288,0
20260804220743,0.8293379036184835,-1.0038748302564109,0.007476428666283033,-0.21606441903070164,0.6992645853026404,-0.9885083503980439,0.0078098138826560625,-0.23862055946372288,0
20260804220743,0.8252794353067744,-0.9862152342134968,0.00799657796363085,-0.21393841407498437,0.6992645853026404,-0.9885083503980439,0.0078098138826560625,-0.23862055946372288,0
20260804220743,0.8264702578624085,-0.9529499623640728,0.003586423407696149,-0.2117345478588837,0.6992645853026404,-0.9885083503980439,0.0078098138826560625,-0.23862055946372288,0
20260804220743,0.8343758089751209,-0.8914458225906702,0.004369093808593489,-0.20814266706543202,0.6992645853026404,-0.9885083503980439,0.0078098138826560625,-0.23862055946372288,0
20260804220743,0.8338301167111277,-0.8992289394520534,0.007556095242518006,-0.1972670751011483,0.6992645853026404,-0.9885083503980439,0.0078098138826560625,-0.23862055946372288,0
20260804220743,0.8393502024765338,-0.9060089525418052,0.0014846958710632314,-0.20412132026583935,0.6992645853026404,-0.9885083503980439,0.0078098138826560625,-0.23862055946372288,0
20260804220743,0.8423052152827528,-0.9189240284703423,-0.00025969510289441337,-0.2010897785078707,0.6992645853026404,-0.9885083503980439,0.0078098138826560625,-0.23862055946372288,0
20260804220743,0.8361508162918752,-0.8898605462338596,0.0016868715495317785,-0.21488189520638445,0.6992645853026404,-0.9885083503980439,0.0078098138826560625,-0.23862055946372288,0
20260804220743,0.8231555545005881,-0.9472132460346151,-0.0007247244114590217,-0.2120596444031318,0.6992645853026404,-0.9885083503980439,0.0078098138826560625,-0.23862055946372288,0
20260804220743,0.8215121305346502,-1.1510176822091296,0.015446007072195875,-0.28354781304912346,0.6992645853026404,-0.9885083503980439,0.0078098138826560625,-0.23862055946372288,0
20260804220743,0.8380557323670157,-1.1933516822867958,0.017441389435796012,-0.29815577651156483,0.6992645853026404,-0.9885083503980439,0.0078098138826560625,-0.23862055946372288,0
20260804220743,0.8457902006702279,-1.1974546692314618,0.018832520865263252,-0.31148153501766673,0.6992645853026404,-0.9885083503980439,0.0078098138826560625,-0.23862055946372288,0
20260804220743,0.8334907186089304,-0.9323722336798513,0.017381538764092992,-0.22171595557978474,0.6992645853026404,-0.9885083503980439,0.0078098138826560625,-0.23862055946372288,0
20260804220743,0.8395908817529764,-0.9071771126502917,0.01613543520123071,-0.21926498276899026,0.6992645853026404,-0.9885083503980439,0.0078098138826560625,-0.23862055946372288,0
20260804220743,0.8318792627562276,-0.9621937947504979,0.007753355080315761,-0.22780973308482505,0.6992645853026404,-0.9885083503980439,0.0078098138826560625,-0.23862055946372288,0
20260804220743,0.8401937915591493,-0.9302816549856614,0.014343735802775068,-0.2260212933683135,0.6992645853026404,-0.9885083503980439,0.0078098138826560625,-0.23862055946372288,0
20260804220743,0.8307463494860063,-0.9387039573816055,0.01661799124555369,-0.22792400802381593,0.6992645853026404,-0.9885083503980439,0.0078098138826560625,-0.23862055946372288,0
20260804220743,0.8124225106119246,-0.9115287616057443,0.0027498651830954873,-0.23240480599069513,0.6992645853026404,-0.9885083503980439,0.0078098138826560625,-0.23862055946372288,0
20260804220743,0.8209154773122069,-0.8736197913964504,0.0037880623869000415,-0.21781721184678488,0.6992645853026404,-0.9885083503980439,0.0078098138826560625,-0.23862055946372288,0
20260804220743,0.8188674412875991,-0.8672054318197578,0.004790079315613004,-0.21840051952442682,0.6992645853026404,-0.9885083503980439,0.0078098138826560625,-0.23862055946372288,0
20260804220743,0.8053521455373545,-1.0509831540994239,0.00479323009372683,-0.23586802887004843,0.6992645853026404,-0.9885083503980439,0.0078098138826560625,-0.23862055946372288,0
20260804220743,0.8131834579161971,-0.9614893103933719,0.0033833977783254087,-0.22160027561763393,0.6992645853026404,-0.9885083503980439,0.0078098138826560625,-0.23862055946372288,0
20260804220743,0.8129277668931665,-0.9584229594887151,0.0010553887133568265,-0.21613783952419272,0.6992645853026404,-0.9885083503980439,0.0078098138826560625,-0.23862055946372288,0
20260804220743,0.8105370179612149,-0.9551761455683461,0.0018740443991588564,-0.2134073429091733,0.6992645853026404,-0.9885083503980439,0.0078098138826560625,-0.23862055946372288,0
20260804220743,0.8506748234548737,-1.169657511246581,0.010008095508415226,-0.2619542411500854,0.6992645853026404,-0.9885083503980439,0.0078098138826560625,-0.23862055946372288,0
20260804220743,0.8591220466062305,-1.3312606173390031,0.005642493417726234,-0.33668252107791014,0.6992645853026404,-0.9885083503980439,0.0078098138826560625,-0.23862055946372288,0
20260804220743,0.8508799010712643,-1.2431974305945201,0.009836520665813104,-0.34144527122450263,0.6992645853026404,-0.9885083503980439,0.0078098138826560625,-0.23862055946372288,0
20260804220743,0.8358546879265163,-1.157263853679815,0.011680495208242875,-0.30552222916004146,0.6992645853026404,-0.9885083503980439,0.0078098138826560625,-0.23862055946372288,0
20260804220743,0.8335764657636306,-1.3874869520439979,0.013233570668660107,-0.3813084563637346,0.6992645853026404,-0.9885083503980439,0.0078098138826560625,-0.23862055946372288,0
20260804220743,0.835708036719687,-1.1058737217115089,0.010613140687270475,-0.28839666792740176,0.6992645853026404,-0.9885083503980439,0.0078098138826560625,-0.23862055946372288,0
20260804220743,0.8245197281199735,-1.1488055420871928,0.010341746537537371,-0.2766268698908436,0.6992645853026404,-0.9885083503980439,0.0078098138826560625,-0.23862055946372288,0
20260804220743,0.8215355980656652,-1.0089725044457807,0.010157473952765679,-0.23293188427455655,0.6992645853026404,-0.9885083503980439,0.0078098138826560625,-0.23862055946372288,0
20260804220743,0.8247539271030008,-1.1455481975431876,0.0027292471395473704,-0.27940417178331445,0.6992645853026404,-0.9885083503980439,0.0078098138826560625,-0.23862055946372288,0
20260804220743,0.8415668580645975,-1.0176355293971489,-0.004920723772441736,-0.21378832472383777,0.6992645853026404,-0.9885083503980439,0.0078098138826560625,-0.23862055946372288,0
20260804220743,0.8294766278759883,-0.9400753842053833,0.0012765035089277782,-0.19521085546770897,0.6992645853026404,-0.9885083503980439,0.0078098138826560625,-0.23862055946372288,0
20260804220743,0.8488675804878361,-1.0575194283240732,0.0028542487331662163,-0.22580759471907985,0.6992645853026404,-0.9885083503980439,0.0078098138826560625,-0.23862055946372288,0
20260804220743,0.7982607800679444,-1.1381575098121504,0.005199947661439725,-0.29870374965360275,0.6992645853026404,-0.9885083503980439,0.0078098138826560625,-0.23862055946372288,0
20260804220743,0.8106189430222637,-0.9640031759150626,0.012521654042040102,-0.2098559226332381,0.6992645853026404,-0.9885083503980439,0.0078098138826560625,-0.23862055946372288,0
20260804220743,0.7969032918292676,-1.0259532986822062,0.01267154240050798,-0.25569327344448717,0.6992645853026404,-0.9885083503980439,0.0078098138826560625,-0.23862055946372288,0
20260804220743,0.797862133270167,-0.9865063332378416,0.006506207825796187,-0.24842047756061453,0.6992645853026404,-0.9885083503980439,0.0078098138826560625,-0.23862055946372288,0
20260804220743,0.7765318172842961,-1.1296005002189922,0.010386608356028008,-0.2839123389993346,0.6992645853026404,-0.9885083503980439,0.0078098138826560625,-0.23862055946372288,0
20260804220743,0.7437985405716904,-1.1345843024668643,0.015722944684750988,-0.2911850911969117,0.6992645853026404,-0.9885083503980439,0.0078098138826560625,-0.23862055946372288,0
20260804220743,0.76043391629522,-1.1820059853446392,0.011257000190789547,-0.32619028776983416,0.6992645853026404,-0.9885083503980439,0.0078098138826560625,-0.23862055946372288,0
20260804220743,0.7819602645644195,-1.1103703720144964,0.023469594353469434,-0.29884786283501374,0.6992645853026404,-0.9885083503980439,0.0078098138826560625,-0.23862055946372288,0
20260804220743,0.7938509981845141,-1.0893302983740478,0.013652464768816673,-0.2683456468264486,0.6992645853026404,-0.9885083503980439,0.0078098138826560625,-0.23862055946372288,0
20260804220743,0.8179937384197153,-1.0723413790449818,0.02633861213824505,-0.2649966101388015,0.6992645853026404,-0.9885083503980439,0.0078098138826560625,-0.23862055946372288,0
20260804220743,0.7969458623207566,-1.1997295655082203,0.012351172600734397,-0.31191323122289133,0.6992645853026404,-0.9885083503980439,0.0078098138826560625,-0.23862055946372288,0
20260804220743,0.8057675961563645,-1.1463599635910926,0.013154181415126672,-0.2859526056752574,0.6992645853026404,-0.9885083503980439,0.0078098138826560625,-0.23862055946372288,0
20260804220743,0.8130717023076504,-1.1840691749899313,0.014262865665236806,-0.2956258233128791,0.6992645853026404,-0.9885083503980439,0.0078098138826560625,-0.23862055946372288,0
20260804220743,0.8172424435687927,-1.20656016098218,0.014672672347453676,-0.3111524525168028,0.6992645853026404,-0.9885083503980439,0.0078098138826560625,-0.23862055946372288,0
20260804220743,0.8281466310449662,-1.439979601422323,0.01587365002055398,-0.41851379905662434,0.6992645853026404,-0.9885083503980439,0.0078098138826560625,-0.23862055946372288,0
20260804220743,0.8168128364599743,-1.473746532478514,0.013582523741204765,-0.4405903347282021,0.6992645853026404,-0.9885083503980439,0.0078098138826560625,-0.23862055946372288,0
20260804220743,0.8142142674278474,-1.536897957538647,0.016498604432551547,-0.467193308655697,0.6992645853026404,-0.9885083503980439,0.0078098138826560625,-0.23862055946372288,0
20260804220743,0.8296665065232182,-1.5761493433421927,0.01619916753274256,-0.4662362182699704,0.6992645853026404,-0.9885083503980439,0.0078098138826560625,-0.23862055946372288,0
20260804220743,0.8328843970858347,-1.4560816946680477,0.013265851081971543,-0.42430641997671403,0.6992645853026404,-0.9885083503980439,0.0078098138826560625,-0.23862055946372288,0
20260804220743,0.8287369696515721,-1.533293312524215,0.01239708757463824,-0.45715957520911615,0.6992645853026404,-0.9885083503980439,0.0078098138826560625,-0.23862055946372288,0
20260804220743,0.824250799998809,-1.5515776448664598,0.013408389803628986,-0.4803672940608321,0.6992645853026404,-0.9885083503980439,0.0078098138826560625,-0.23862055946372288,0
20260804220743,0.8215650328214907,-1.479700782566398,0.012867395854770017,-0.44728728550145314,0.6992645853026404,-0.9885083503980439,0.0078098138826560625,-0.23862055946372288,0
20260804220743,0.8282133657267106,-1.4490514031934345,0.014438392645705789,-0.43375887285728854,0.6992645853026404,-0.9885083503980439,0.0078098138826560625,-0.23862055946372288,0
20260804220743,0.8228312415910659,-1.5089649888286611,0.013510766974051866,-0.46678791242168527,0.6992645853026404,-0.9885083503980439,0.0078098138826560625,-0.23862055946372288,0
20260804220743,0.81145101001528,-1.427153178828771,0.01475892533159548,-0.43174831419227117,0.6992645853026404,-0.9885083503980439,0.0078098138826560625,-0.23862055946372288,0
20260804220743,0.8064521559506075,-1.294688005601617,0.01296603363009964,-0.369958827499503,0.6992645853026404,-0.9885083503980439,0.0078098138826560625,-0.23862055946372288,0
20260804220743,0.8156944996834681,-1.359767473116579,0.01493667885697608,-0.38790714557951206,0.6992645853026404,-0.9885083503980439,0.0078098138826560625,-0.23862055946372288,0
20260804220743,0.8200291666050817,-1.2847120255235946,0.015361735581920928,-0.3455698643654328,0.6992645853026404,-0.9885083503980439,0.0078098138826560625,-0.23862055946372288,0
20260804220743,0.8185785540993222,-1.358173288202607,0.015554185522921385,-0.391150621367439,0.6992645853026404,-0.9885083503980439,0.0078098138826560625,-0.23862055946372288,0
20260804220743,0.8491497784764094,-1.376215588855824,0.009384729362334561,-0.37504651487968715,0.6992645853026404,-0.9885083503980439,0.0078098138826560625,-0.23862055946372288,0
20260804220743,0.8448634520733299,-1.4077520645027042,0.008119216568208834,-0.40520310495505346,0.6992645853026404,-0.9885083503980439,0.0078098138826560625,-0.23862055946372288,0
20260804220743,0.8458044002326206,-1.3542677169789716,0.0064250908736309155,-0.37435976602631826,0.6992645853026404,-0.9885083503980439,0.0078098138826560625,-0.23862055946372288,0
20260804220743,0.8366867540704197,-1.4901121393416674,0.0063220489236511645,-0.455984817936762,0.6992645853026404,-0.9885083503980439,0.0078098138826560625,-0.23862055946372288,0
20260804220743,0.8227726637037747,-1.4440790383761821,0.011655171819648676,-0.4162871647633962,0.6992645853026404,-0.9885083503980439,0.0078098138826560625,-0.23862055946372288,0
20260804220743,0.8242783291721256,-1.4337407271738472,0.010081424458911914,-0.41839245825121407,0.6992645853026404,-0.9885083503980439,0.0078098138826560625,-0.23862055946372288,0
20260804220743,0.8274031924596906,-1.4391060654031784,0.008905749722324283,-0.4128880800955895,0.6992645853026404,-0.9885083503980439,0.0078098138826560625,-0.23862055946372288,0
20260804220743,0.8224998783960935,-1.3727739337137634,0.010822994765701923,-0.388464896993902,0.6992645853026404,-0.9885083503980439,0.0078098138826560625,-0.23862055946372288,0
20260804220743,0.8151945875802302,-1.3671512526413692,0.014957925398097696,-0.38214555145108514,0.6992645853026404,-0.9885083503980439,0.0078098138826560625,-0.23862055946372288,0
20260804220743,0.7675234774556563,-1.4397076898217125,0.005926732784071318,-0.42889349212003947,0.6992645853026404,-0.9885083503980439,0.0078098138826560625,-0.23862055946372288,0
20260804220743,0.7572906485862635,-1.4621083977088845,0.004279464400774815,-0.4463757475666413,0.6992645853026404,-0.9885083503980439,0.0078098138826560625,-0.23862055946372288,0
20260804220743,0.7545899976078726,-1.306408048821396,0.0039970524590794984,-0.369700166074134,0.6992645853026404,-0.9885083503980439,0.0078098138826560625,-0.23862055946372288,0
20260804221106,0.5266336131267643,-1.8263894544060986,0.02065015235088446,-0.758038628885454,0.7396549966083296,-1.117441117243276,-0.003900258623316518,-0.29168265649594716,1
20260804221106,0.5401989181634528,-1.5241646840130882,0.0037814580140839256,-0.5920503836376407,0.7396549966083296,-1.117441117243276,-0.003900258623316518,-0.29168265649594716,1
20260804221106,0.6258542155601388,-1.694463750731117,-0.009659966412777044,-0.6281910078049884,0.7396549966083296,-1.117441117243276,-0.003900258623316518,-0.29168265649594716,1
20260804221106,0.6267397337887404,-1.794159881371425,-0.005210624220355276,-0.6950122907743895,0.7396549966083296,-1.117441117243276,-0.003900258623316518,-0.29168265649594716,1
20260804221106,0.5385749025785339,-1.9584636900125292,0.004472359079656967,-0.8538950240385849,0.7396549966083296,-1.117441117243276,-0.003900258623316518,-0.29168265649594716,1
20260804221106,0.4475630762323888,-1.944462186195719,0.011604651295301704,-0.9206227275190773,0.7396549966083296,-1.117441117243276,-0.003900258623316518,-0.29168265649594716,1
20260804221106,0.5286164336833011,-1.9200761704621614,-0.007363224036365219,-0.8230629260763733,0.7396549966083296,-1.117441117243276,-0.003900258623316518,-0.29168265649594716,1
20260804221106,0.545736003943702,-1.9958490954001566,-0.008359145777259918,-0.878494631451024,0.7396549966083296,-1.117441117243276,-0.003900258623316518,-0.29168265649594716,1
20260804221106,0.544684965568835,-1.955494183154667,-0.0012120803791373714,-0.8711031032382508,0.7396549966083296,-1.117441117243276,-0.003900258623316518,-0.29168265649594716,1
20260804221106,0.33369593231333017,-2.0278337936127127,0.004110438774275826,-1.0482300027543427,0.7396549966083296,-1.117441117243276,-0.003900258623316518,-0.29168265649594716,1
20260804221106,0.1989746733548329,-2.1442414707005053,0.023815324840560006,-1.3772935784712264,0.7396549966083296,-1.117441117243276,-0.003900258623316518,-0.29168265649594716,1
20260804221106,0.5041312012642599,-1.5792824546116973,-0.00857185954148376,-0.6441910464612975,0.7396549966083296,-1.117441117243276,-0.003900258623316518,-0.29168265649594716,1
20260804221106,0.5076818853092776,-1.684111713858485,0.009186668950836158,-0.7677512309508754,0.7396549966083296,-1.117441117243276,-0.003900258623316518,-0.29168265649594716,1
20260804221106,0.5339086296562625,-1.894976245803672,0.0111249766448562,-0.8549464542861545,0.7396549966083296,-1.117441117243276,-0.003900258623316518,-0.29168265649594716,1
20260804221106,0.4549069079248852,-1.7469097917492191,0.019567144763459932,-0.795301371285411,0.7396549966083296,-1.117441117243276,-0.003900258623316518,-0.29168265649594716,1
20260804221106,0.3820243085713228,-1.9079130758380363,0.05837745442142877,-0.9418455305833502,0.7396549966083296,-1.117441117243276,-0.003900258623316518,-0.29168265649594716,1
20260804221106,0.413917269751878,-1.9066568074938095,0.01938281105330353,-0.9050569545120262,0.7396549966083296,-1.117441117243276,-0.003900258623316518,-0.29168265649594716,1
20260804221106,0.46134223782514044,-1.845869765307594,0.0317882209403242,-0.8443800547102783,0.7396549966083296,-1.117441117243276,-0.003900258623316518,-0.29168265649594716,1
20260804221106,0.4885750404206496,-1.7994707855706624,-0.09920493514702254,-0.7947619680128875,0.7396549966083296,-1.117441117243276,-0.003900258623316518,-0.29168265649594716,1
20260804221106,0.5105628708705703,-1.783155737747651,-0.03909931172261202,-0.759411223582233,0.7396549966083296,-1.117441117243276,-0.003900258623316518,-0.29168265649594716,1
20260804221106,0.5555753891351565,-1.9646820475535358,-0.13435028732103757,-0.8222605899897594,0.7396549966083296,-1.117441117243276,-0.003900258623316518,-0.29168265649594716,1
20260804221106,0.30868661100428024,-1.7416235752840985,-0.17100199718096232,-0.9637713728181189,0.7396549966083296,-1.117441117243276,-0.003900258623316518,-0.29168265649594716,1
20260804221106,0.14391023043147513,-1.685307654583353,-0.20939514910340457,-1.0806099225844914,0.7396549966083296,-1.117441117243276,-0.003900258623316518,-0.29168265649594716,1
20260804221106,0.08617903804190553,-1.1370513612651436,-0.1548177582336793,-0.8336836133944423,0.7396549966083296,-1.117441117243276,-0.003900258623316518,-0.29168265649594716,1
20260804221106,0.10990686430264826,-1.6384071976423846,-0.14190594962183772,-1.0976229677379257,0.7396549966083296,-1.117441117243276,-0.003900258623316518,-0.29168265649594716,1
20260804221106,0.0959254653487285,-1.4418388476256165,-0.16193662255327007,-0.9580374413710009,0.7396549966083296,-1.117441117243276,-0.003900258623316518,-0.29168265649594716,1
20260804221106,0.10661652141955863,-1.498106569284577,-0.15553484718757776,-0.9797419483441632,0.7396549966083296,-1.117441117243276,-0.003900258623316518,-0.29168265649594716,1
20260804221106,0.25740257692575635,-1.0655738414793423,0.04857140928548622,-0.6748545771718159,0.7396549966083296,-1.117441117243276,-0.003900258623316518,-0.29168265649594716,1
20260804221106,0.2530233878596228,-0.7891078019176474,0.03643551354294774,-0.46593075166847875,0.7396549966083296,-1.117441117243276,-0.003900258623316518,-0.29168265649594716,1
20260804221106,0.24750005616875004,-0.9589398989409367,0.04273666066664424,-0.6211323471052488,0.7396549966083296,-1.117441117243276,-0.003900258623316518,-0.29168265649594716,1
20260804221106,-0.08219563014735973,-1.2897421318523337,0.04785410015767405,-0.9555793699411643,0.7396549966083296,-1.117441117243276,-0.003900258623316518,-0.29168265649594716,1
20260804221106,-0.10781343256239098,-1.6320276937584428,0.010318629601524978,-1.2621819465081008,0.7396549966083296,-1.117441117243276,-0.003900258623316518,-0.29168265649594716,1
20260804221106,0.0015462655707265984,-1.7208987681962788,0.015458152136200788,-1.2351926583258555,0.7396549966083296,-1.117441117243276,-0.003900258623316518,-0.29168265649594716,1
20260804221106,0.019497772889166466,-1.9214425740688426,0.01381546678622212,-1.3120061558819363,0.7396549966083296,-1.117441117243276,-0.003900258623316518,-0.29168265649594716,1
20260804221106,0.023758384922730746,-2.0969854746001766,0.010647293309634334,-1.396295528438192,0.7396549966083296,-1.117441117243276,-0.003900258623316518,-0.29168265649594716,1
20260804221106,0.03194905910569524,-1.866821293519483,0.00727850918352357,-1.292886208223366,0.7396549966083296,-1.117441117243276,-0.003900258623316518,-0.29168265649594716,1
20260804221106,0.03837163001586969,-1.9521449196461886,0.01893710814076158,-1.3115251570902615,0.7396549966083296,-1.117441117243276,-0.003900258623316518,-0.29168265649594716,1
20260804221106,0.03329334560022858,-1.9612973469388129,0.007511610459989638,-1.3239623879547933,0.7396549966083296,-1.117441117243276,-0.003900258623316518,-0.29168265649594716,1
20260804221106,0.03266534256962256,-1.7868833295646371,0.013438233381297453,-1.20887685666132,0.7396549966083296,-1.117441117243276,-0.003900258623316518,-0.29168265649594716,1
20260804221106,0.05591490995738082,-1.9189831799379042,0.022591786397986858,-1.3219815984223025,0.7396549966083296,-1.117441117243276,-0.003900258623316518,-0.29168265649594716,1
20260804221106,0.020428616219745125,-1.9383086146560808,0.0122335041324659,-1.2939173895877434,0.7396549966083296,-1.117441117243276,-0.003900258623316518,-0.29168265649594716,1
20260804221106,0.37843532584810735,-1.9313382079858952,0.006889583747303397,-0.9365299265565867,0.7396549966083296,-1.117441117243276,-0.003900258623316518,-0.29168265649594716,1
20260804221106,0.5753035947717506,-1.7963845743082616,-0.005299837622658722,-0.7205258400004567,0.7396549966083296,-1.117441117243276,-0.003900258623316518,-0.29168265649594716,1
20260804221106,0.6500068463667433,-1.5925340239507417,-0.012608200793181753,-0.5862487445048726,0.7396549966083296,-1.117441117243276,-0.003900258623316518,-0.29168265649594716,1
20260804221106,0.5773175866001693,-2.0410485532236073,-0.01534202740514326,-0.9188703301377346,0.7396549966083296,-1.117441117243276,-0.003900258623316518,-0.29168265649594716,1
20260804221106,0.4240988406869759,-2.0756584531936997,0.008868223111935386,-0.9980748475276904,0.7396549966083296,-1.117441117243276,-0.003900258623316518,-0.29168265649594716,1
20260804221106,0.4649605072883479,-1.6937579355676622,0.009891373497693503,-0.7376065303514385,0.7396549966083296,-1.117441117243276,-0.003900258623316518,-0.29168265649594716,1
20260804221106,0.4955606090631352,-1.8478284584485272,0.007058357254297221,-0.8274550913084762,0.7396549966083296,-1.117441117243276,-0.003900258623316518,-0.29168265649594716,1
20260804221106,0.45089110958661927,-1.8705999122038939,0.025667303941397535,-0.7991115671239358,0.7396549966083296,-1.117441117243276,-0.003900258623316518,-0.29168265649594716,1
20260804221106,0.32521234462794957,-1.701213163123764,0.045320228010293534,-0.8193036812488295,0.7396549966083296,-1.117441117243276,-0.003900258623316518,-0.29168265649594716,1
20260804221106,0.38699695556445446,-1.557724904297502,0.02916479683546874,-0.6627704650712486,0.7396549966083296,-1.117441117243276,-0.003900258623316518,-0.29168265649594716,1
20260804221106,0.4851909564327085,-1.7022284082126118,0.03328808411992168,-0.6722226659696036,0.7396549966083296,-1.117441117243276,-0.003900258623316518,-0.29168265649594716,1
20260804221106,0.489904631032005,-1.7873504228552126,0.027242664572899467,-0.7625772862226238,0.7396549966083296,-1.117441117243276,-0.003900258623316518,-0.29168265649594716,1
20260804221106,0.46446862657248034,-1.4868531090661892,0.02670559966326358,-0.5753347996689447,0.7396549966083296,-1.117441117243276,-0.003900258623316518,-0.29168265649594716,1
20260804221106,0.4885093261220988,-1.9052284981938847,0.030157204168559975,-0.7891909429123225,0.7396549966083296,-1.117441117243276,-0.003900258623316518,-0.29168265649594716,1
20260804221106,0.5738644952552354,-1.8456306049963858,0.019600139186294822,-0.7435086122952009,0.7396549966083296,-1.117441117243276,-0.003900258623316518,-0.29168265649594716,1
20260804221106,0.5615108469068284,-1.8385494867831809,0.02255611302659216,-0.7372386636547379,0.7396549966083296,-1.117441117243276,-0.003900258623316518,-0.29168265649594716,1
20260804221106,0.5524454869773749,-1.81613466030138,0.025131556459341713,-0.7406737343325216,0.7396549966083296,-1.117441117243276,-0.003900258623316518,-0.29168265649594716,1
20260804221106,0.5442834934241657,-1.7482900516781825,0.022457295721971148,-0.7029417721298881,0.7396549966083296,-1.117441117243276,-0.003900258623316518,-0.29168265649594716,1
20260804221106,0.5153794217603109,-1.8370608142671072,0.02004797710780394,-0.7627342166971126,0.7396549966083296,-1.117441117243276,-0.003900258623316518,-0.29168265649594716,1
20260804221106,0.33351215934443124,-2.0267897183286854,0.04026496467878464,-1.0280167498346398,0.7396549966083296,-1.117441117243276,-0.003900258623316518,-0.29168265649594716,1
20260804221106,0.184543077606289,-2.10363429969701,0.03935281555726827,-1.2548943408704307,0.7396549966083296,-1.117441117243276,-0.003900258623316518,-0.29168265649594716,1
20260804221106,0.1488442060391154,-2.057729397874564,0.044380558492538504,-1.2716618818354821,0.7396549966083296,-1.117441117243276,-0.003900258623316518,-0.29168265649594716,1
20260804221106,0.21271591347745156,-1.803055038832258,0.03896056467613937,-1.071759607269464,0.7396549966083296,-1.117441117243276,-0.003900258623316518,-0.29168265649594716,1
20260804221106,0.2411497621575953,-1.9384062449755373,0.05425521183899466,-1.1130056176169052,0.7396549966083296,-1.117441117243276,-0.003900258623316518,-0.29168265649594716,1
20260804221106,0.22843819928730946,-1.9059504570942847,0.06368049403787088,-1.1350314267486297,0.7396549966083296,-1.117441117243276,-0.003900258623316518,-0.29168265649594716,1
20260804221106,0.24257070944388529,-1.8063793646958493,0.05886907382400448,-1.045350060107289,0.7396549966083296,-1.117441117243276,-0.003900258623316518,-0.29168265649594716,1
20260804221106,0.4316949706616668,-1.7386805234133396,0.02883668135769849,-0.7649798424494102,0.7396549966083296,-1.117441117243276,-0.003900258623316518,-0.29168265649594716,1
20260804221106,0.2245770087252395,-1.992707930570319,0.03651978677753326,-1.0933636669860372,0.7396549966083296,-1.117441117243276,-0.003900258623316518,-0.29168265649594716,1
20260804221106,0.08801871454921625,-1.7754927623390317,0.04250939709169772,-1.040978636838668,0.7396549966083296,-1.117441117243276,-0.003900258623316518,-0.29168265649594716,1
20260804221106,-0.015759137501279906,-1.8545720289952887,0.07524576116995328,-1.2795189914932132,0.7396549966083296,-1.117441117243276,-0.003900258623316518,-0.29168265649594716,1
20260804221106,-0.14656778451006103,-1.7806878298316027,-0.010462369850568871,-1.2331824938947622,0.7396549966083296,-1.117441117243276,-0.003900258623316518,-0.29168265649594716,1
20260804221106,0.36607172837121843,-1.392308436949527,-0.00614136254947632,-0.7970501622797126,0.7396549966083296,-1.117441117243276,-0.003900258623316518,-0.29168265649594716,1
20260804221106,0.3541291813156249,-1.495446733882925,0.004877932289469528,-0.9852240270447229,0.7396549966083296,-1.117441117243276,-0.003900258623316518,-0.29168265649594716,1
20260804221106,0.44649103236741844,-1.112576485669461,0.024359491721543277,-0.4887189847679152,0.7396549966083296,-1.117441117243276,-0.003900258623316518,-0.29168265649594716,1
20260804221106,0.4636573692345244,-1.4497656382971047,0.03946748657127932,-0.6525299035179047,0.7396549966083296,-1.117441117243276,-0.003900258623316518,-0.29168265649594716,1
20260804221106,0.4859470097771705,-1.703748375331703,0.009366056513461835,-0.7627032007006903,0.7396549966083296,-1.117441117243276,-0.003900258623316518,-0.29168265649594716,1
